Opening date,Country,UF,State,City,Address,Coords
2023-10-17,Brazil,MG,Minas Gerais,Ituiutaba,Ituiutaba - Minas Gerais - Brazil,"(-18.9745738, -49.4600885)"
2023-10-11,Brazil,SC,Santa Catarina,Videira,Videira - Santa Catarina - Brazil,"(-27.0052075, -51.15439500000001)"
2023-09-20,Brazil,ES,Espírito Santo,Vitória,Vitória - Espírito Santo - Brazil,"(-20.3196644, -40.3384748)"
2023-09-15,Brazil,PB,Paraíba,João Pessoa,João Pessoa - Paraíba - Brazil,"(-7.118835199999999, -34.8814339)"
2023-09-09,Brazil,GO,Goiás,Goiânia,Goiânia - Goiás - Brazil,"(-16.6868912, -49.2647943)"
2023-09-01,Brazil,SP,São Paulo,São Paulo,São Paulo - São Paulo - Brazil,"(-23.5557714, -46.6395571)"
2023-08-31,Brazil,RS,Rio Grande do Sul,Taquara,Taquara - Rio Grande do Sul - Brazil,"(-29.6516601, -50.7763602)"
2023-08-09,Brazil,SP,São Paulo,Cajamar,Cajamar - São Paulo - Brazil,"(-23.3358524, -46.8401443)"
2023-08-03,Brazil,RS,Rio Grande do Sul,Canela,Canela - Rio Grande do Sul - Brazil,"(-29.3637682, -50.8114104)"
2023-08-02,Brazil,MG,Minas Gerais,Alfenas,Alfenas - Minas Gerais - Brazil,"(-21.4245173, -45.9470205)"
2023-08-01,Brazil,MG,Minas Gerais,Muriaé,Muriaé - Minas Gerais - Brazil,"(-21.1291403, -42.3702252)"
2023-07-25,Brazil,PR,Paraná,Curitiba,Curitiba - Paraná - Brazil,"(-25.4372382, -49.2699727)"
2023-07-18,Brazil,CE,Ceará,Eusébio,Eusébio - Ceará - Brazil,"(-3.8890027, -38.4546562)"
2023-06-30,Brazil,AC,Acre,Rio Branco,Rio Branco - Acre - Brazil,"(-9.9740249, -67.8098191)"
2023-05-31,Brazil,SP,São Paulo,Mogi Mirim,Mogi Mirim - São Paulo - Brazil,"(-22.4314429, -46.9569108)"
2023-06-07,Brazil,PI,Piauí,Teresina,Teresina - Piauí - Brazil,"(-5.0810984, -42.774291)"
2023-05-31,Brazil,RJ,Rio de Janeiro,Niterói,Niterói - Rio de Janeiro - Brazil,"(-22.8807073, -43.1013526)"
2023-05-31,Brazil,SP,São Paulo,Penápolis,Penápolis - São Paulo - Brazil,"(-21.4267925, -50.0762442)"
2023-05-31,Brazil,RJ,Rio de Janeiro,Niterói,Niterói - Rio de Janeiro - Brazil,"(-22.8807073, -43.1013526)"
2023-05-20,Brazil,SP,São Paulo,Bauru,Bauru - São Paulo - Brazil,"(-22.3155297, -49.0708221)"
2023-05-09,Brazil,SP,São Paulo,Sorocaba,Sorocaba - São Paulo - Brazil,"(-23.470905, -47.4851488)"
2023-04-27,Brazil,SP,São Paulo,Catanduva,Catanduva - São Paulo - Brazil,"(-21.1374204, -48.973923)"
2023-04-18,Brazil,SP,São Paulo,Mogi das Cruzes,Mogi das Cruzes - São Paulo - Brazil,"(-23.5393849, -46.216729)"
2022-12-08,Brazil,SP,São Paulo,Campinas,Campinas - São Paulo - Brazil,"(-22.9050824, -47.0613327)"
2022-12-08,Brazil,BA,Bahia,Salvador,Salvador - Bahia - Brazil,"(-12.9777334, -38.501648)"
2022-12-03,Brazil,RJ,Rio de Janeiro,Petrópolis,Petrópolis - Rio de Janeiro - Brazil,"(-22.5112498, -43.1779306)"
2022-11-30,Brazil,SP,São Paulo,São José do Rio Preto,São José do Rio Preto - São Paulo - Brazil,"(-20.8127115, -49.376521)"
2022-11-30,Brazil,SP,São Paulo,São Vicente,São Vicente - São Paulo - Brazil,"(-23.9603221, -46.3968784)"
2022-11-29,Brazil,PR,Paraná,Londrina,Londrina - Paraná - Brazil,"(-23.3197305, -51.1662008)"
2022-11-29,Brazil,BA,Bahia,Teixeira de Freitas,Teixeira de Freitas - Bahia - Brazil,"(-17.5400307, -39.7421813)"
2022-11-04,Brazil,RS,Rio Grande do Sul,Passo Fundo,Passo Fundo - Rio Grande do Sul - Brazil,"(-28.2622601, -52.41027949999999)"
2022-10-14,Brazil,RS,Rio Grande do Sul,Cachoeira do Sul,Cachoeira do Sul - Rio Grande do Sul - Brazil,"(-30.03377489999999, -52.8943402)"
2022-09-29,Brazil,MG,Minas Gerais,Belo Horizonte,Belo Horizonte - Minas Gerais - Brazil,"(-19.919052, -43.9386685)"
2022-09-23,Brazil,CE,Ceará,Fortaleza,Fortaleza - Ceará - Brazil,"(-3.7327203, -38.5270134)"
2022-09-14,Brazil,SC,Santa Catarina,Chapecó,Chapecó - Santa Catarina - Brazil,"(-27.1048145, -52.6143383)"
2022-09-13,Brazil,RS,Rio Grande do Sul,Alegrete,Alegrete - Rio Grande do Sul - Brazil,"(-29.7906626, -55.7953983)"
2022-09-08,Brazil,RS,Rio Grande do Sul,Carazinho,Carazinho - Rio Grande do Sul - Brazil,"(-28.2954326, -52.7976024)"
2022-08-23,Brazil,RS,Rio Grande do Sul,Esteio,Esteio - Rio Grande do Sul - Brazil,"(-29.84644179999999, -51.1745813)"
2022-08-19,Brazil,SC,Santa Catarina,São Bento,São Bento - Santa Catarina - Brazil,"(-26.2497682, -49.3839372)"
2022-08-05,Brazil,RS,Rio Grande do Sul,Santa Rosa,Santa Rosa - Rio Grande do Sul - Brazil,"(-27.8700347, -54.4797042)"
2022-08-04,Brazil,SC,Santa Catarina,Criciúma,Criciúma - Santa Catarina - Brazil,"(-28.6774759, -49.3704155)"
2022-07-21,Brazil,SP,São Paulo,Baurú,Baurú - São Paulo - Brazil,"(-22.3155297, -49.0708221)"
2022-07-07,Brazil,RS,Rio Grande do Sul,Ijuí,Ijuí - Rio Grande do Sul - Brazil,"(-28.3891409, -53.9220126)"
2022-06-22,Brazil,PR,Paraná,Campo Mourão,Campo Mourão - Paraná - Brazil,"(-24.0437988, -52.3810674)"
2022-06-21,Brazil,PE,Pernambuco,Recife,Recife - Pernambuco - Brazil,"(-8.0577401, -34.8829629)"
2022-06-10,Brazil,RN,Rio Grande do Norte,Natal,Natal - Rio Grande do Norte - Brazil,"(-5.7841695, -35.1999708)"
2022-06-07,Brazil,AL,Alagoas,Maceió,Maceió - Alagoas - Brazil,"(-9.6660417, -35.7352167)"
2022-05-31,Brazil,SP,São Paulo,São Paulo,São Paulo - São Paulo - Brazil,"(-23.5557714, -46.6395571)"
2022-05-28,Brazil,MA,Maranhão,São Luís,São Luís - Maranhão - Brazil,"(-2.5306721, -44.2988947)"
2022-05-13,Brazil,SE,Sergipe,Aracajú,Aracajú - Sergipe - Brazil,"(-10.9266526, -37.0729014)"
2022-05-06,Brazil,CE,Ceará,Fortaleza,Fortaleza - Ceará - Brazil,"(-3.7327203, -38.5270134)"
2022-05-03,Brazil,SP,São Paulo,Assis,Assis - São Paulo - Brazil,"(-22.6616691, -50.4184358)"
2022-04-30,Brazil,ES,Espírito Santo,Vila Velha,Vila Velha - Espírito Santo - Brazil,"(-20.3518079, -40.3079697)"
2022-04-29,Brazil,RS,Rio Grande do Sul,Bento Gonçalves,Bento Gonçalves - Rio Grande do Sul - Brazil,"(-29.1667089, -51.5169861)"
2022-04-29,Brazil,RS,Rio Grande do Sul,Porto Alegre,Porto Alegre - Rio Grande do Sul - Brazil,"(-30.0368176, -51.2089887)"
2022-04-28,Brazil,PR,Paraná,Pato Branco,Pato Branco - Paraná - Brazil,"(-26.229188, -52.6696111)"
2022-04-27,Brazil,RS,Rio Grande do Sul,Sapucaia do Sul,Sapucaia do Sul - Rio Grande do Sul - Brazil,"(-29.8236495, -51.146738)"
2022-04-14,Brazil,ES,Espírito Santo,Vitória,Vitória - Espírito Santo - Brazil,"(-20.3196644, -40.3384748)"
2022-04-01,Brazil,RJ,Rio de Janeiro,Rio de janeiro,Rio de janeiro - Rio de Janeiro - Brazil,"(-22.9068467, -43.1728965)"
2022-03-29,Brazil,RJ,Rio de Janeiro,Jacarepaguá,Jacarepaguá - Rio de Janeiro - Brazil,"(-22.9681736, -43.3907025)"
2022-03-27,Brazil,RS,Rio Grande do Sul,Pelotas,Pelotas - Rio Grande do Sul - Brazil,"(-31.7699685, -52.3312971)"
2021-11-30,Brazil,MT,Mato Grosso,Sinop,Sinop - Mato Grosso - Brazil,"(-11.8543783, -55.5102602)"
2021-10-23,Brazil,RS,Rio Grande do Sul,Torres,Torres - Rio Grande do Sul - Brazil,"(-29.3383976, -49.728226)"
2021-08-06,Brazil,SP,São Paulo,São Paulo,São Paulo - São Paulo - Brazil,"(-23.5557714, -46.6395571)"
2021-07-07,Brazil,PE,Pernambuco,Recife,Recife - Pernambuco - Brazil,"(-8.0577401, -34.8829629)"
2021-06-23,Brazil,GO,Goiás,Catalão,Catalão - Goiás - Brazil,"(-18.1660958, -47.9444845)"
2021-06-08,Brazil,RN,Rio Grande do Norte,Natal,Natal - Rio Grande do Norte - Brazil,"(-5.7841695, -35.1999708)"
2021-06-05,Brazil,SC,Santa Catarina,Florianópolis,Florianópolis - Santa Catarina - Brazil,"(-27.5948036, -48.5569286)"
2021-06-04,Brazil,PR,Paraná,Umuarama,Umuarama - Paraná - Brazil,"(-23.7627286, -53.3119989)"
2021-05-31,Brazil,RJ,Rio de Janeiro,Macaé,Macaé - Rio de Janeiro - Brazil,"(-22.3837126, -41.7827578)"
2021-05-31,Brazil,SP,São Paulo,Araras,Araras - São Paulo - Brazil,"(-22.3604487, -47.37981560000001)"
2021-05-29,Brazil,MS,Mato Grosso do Sul,Campo Grande,Campo Grande - Mato Grosso do Sul - Brazil,"(-20.4648517, -54.6218477)"
2021-05-25,Brazil,RJ,Rio de Janeiro,Rio de janeiro,Rio de janeiro - Rio de Janeiro - Brazil,"(-22.9068467, -43.1728965)"
2021-05-05,Brazil,SP,São Paulo,Mogi Guaçu,Mogi Guaçu - São Paulo - Brazil,"(-22.3679387, -46.9432454)"
2021-05-05,Brazil,RS,Rio Grande do Sul,Farroupilha,Farroupilha - Rio Grande do Sul - Brazil,"(-29.2238257, -51.3456056)"
2021-05-04,Brazil,RJ,Rio de Janeiro,Maricá,Maricá - Rio de Janeiro - Brazil,"(-22.9160994, -42.819192)"
2021-05-03,Brazil,PA,Pará,Belém,Belém - Pará - Brazil,"(-1.4563432, -48.501299)"
2021-04-30,Brazil,SC,Santa Catarina,Rio do Sul,Rio do Sul - Santa Catarina - Brazil,"(-27.2163185, -49.6428769)"
2021-04-29,Brazil,RS,Rio Grande do Sul,Bagé,Bagé - Rio Grande do Sul - Brazil,"(-31.3332251, -54.1065079)"
2021-04-29,Brazil,AP,Amapá,Macapá,Macapá - Amapá - Brazil,"(0.04052170000000001, -51.0560957)"
2021-04-28,Brazil,SP,São Paulo,Caraguatatuba,Caraguatatuba - São Paulo - Brazil,"(-23.6200504, -45.4120869)"
2021-04-27,Brazil,SP,São Paulo,São Paulo,São Paulo - São Paulo - Brazil,"(-23.5557714, -46.6395571)"
2021-04-27,Brazil,PR,Paraná,Curitiba,Curitiba - Paraná - Brazil,"(-25.4372382, -49.2699727)"
2021-04-27,Brazil,RJ,Rio de Janeiro,Rio de Janeiro,Rio de Janeiro - Rio de Janeiro - Brazil,"(-22.9068467, -43.1728965)"
2021-04-26,Brazil,SP,São Paulo,São Paulo,São Paulo - São Paulo - Brazil,"(-23.5557714, -46.6395571)"
2021-04-20,Brazil,SP,São Paulo,São Paulo,São Paulo - São Paulo - Brazil,"(-23.5557714, -46.6395571)"
2021-04-18,Brazil,SP,São Paulo,São Paulo,São Paulo - São Paulo - Brazil,"(-23.5557714, -46.6395571)"
2021-04-18,Brazil,SP,São Paulo,São Paulo,São Paulo - São Paulo - Brazil,"(-23.5557714, -46.6395571)"
2021-04-15,Brazil,RS,Rio Grande do Sul,Garibaldi,Garibaldi - Rio Grande do Sul - Brazil,"(-29.2575131, -51.5232019)"
2021-04-13,Brazil,CE,Ceará,Juazeiro do Norte,Juazeiro do Norte - Ceará - Brazil,"(-7.224205400000001, -39.3130162)"
2021-04-10,Brazil,RJ,Rio de Janeiro,Rio de Janeiro,Rio de Janeiro - Rio de Janeiro - Brazil,"(-22.9068467, -43.1728965)"
2021-04-05,Brazil,RO,Rondônia,Cacoal,Cacoal - Rondônia - Brazil,"(-11.4346957, -61.45669909999999)"
2021-03-03,Brazil,SP,São Paulo,Ribeirão Preto,Ribeirão Preto - São Paulo - Brazil,"(-21.1694018, -47.8110855)"
2020-11-17,Brazil,SP,São Paulo,São Paulo,São Paulo - São Paulo - Brazil,"(-23.5557714, -46.6395571)"
2020-10-20,Brazil,RJ,Rio de Janeiro,Rio de Janeiro,Rio de Janeiro - Rio de Janeiro - Brazil,"(-22.9068467, -43.1728965)"
2020-09-29,Brazil,SP,São Paulo,Guarulhos,Guarulhos - São Paulo - Brazil,"(-23.4596858, -46.5328559)"
2020-09-22,Brazil,MT,Mato Grosso,Sorriso,Sorriso - Mato Grosso - Brazil,"(-12.5407237, -55.7226752)"
2020-08-27,Brazil,RJ,Rio de Janeiro,Rio de Janeiro,Rio de Janeiro - Rio de Janeiro - Brazil,"(-22.9068467, -43.1728965)"
2020-08-20,Brazil,PE,Pernambuco,Recife,Recife - Pernambuco - Brazil,"(-8.0577401, -34.8829629)"
2020-08-11,Brazil,MT,Mato Grosso,Tangará da Serra,Tangará da Serra - Mato Grosso - Brazil,"(-14.6197344, -57.4875157)"
2020-08-08,Brazil,SP,São Paulo,Piracicaba,Piracicaba - São Paulo - Brazil,"(-22.7342864, -47.6480644)"
2020-08-04,Brazil,GO,Goiás,Jataí,Jataí - Goiás - Brazil,"(-17.8881027, -51.7263895)"
2020-08-01,Brazil,BA,Bahia,Lauro de Freitas,Lauro de Freitas - Bahia - Brazil,"(-12.8848712, -38.3084506)"
2020-03-17,Brazil,BA,Bahia,Lauro de Freitas,Lauro de Freitas - Bahia - Brazil,"(-12.8848712, -38.3084506)"
2019-12-13,Brazil,MS,Mato Grosso do Sul,Três Lagoas,Três Lagoas - Mato Grosso do Sul - Brazil,"(-20.7881843, -51.7030845)"
2019-12-13,Brazil,MG,Minas Gerais,Belo Horizonte,Belo Horizonte - Minas Gerais - Brazil,"(-19.919052, -43.9386685)"
2019-12-12,Brazil,RS,Rio Grande do Sul,Porto Alegre,Porto Alegre - Rio Grande do Sul - Brazil,"(-30.0368176, -51.2089887)"
2019-12-11,Brazil,SP,São Paulo,Santo Ándré,Santo Ándré - São Paulo - Brazil,"(-23.6788863, -46.536706)"
2019-12-10,Brazil,RS,Rio Grande do Sul,Santo Ângelo,Santo Ângelo - Rio Grande do Sul - Brazil,"(-28.3001866, -54.26583170000001)"
2019-12-03,Brazil,SP,São Paulo,São Paulo,São Paulo - São Paulo - Brazil,"(-23.5557714, -46.6395571)"
2019-11-29,Brazil,RS,Rio Grande do Sul,Tramandaí,Tramandaí - Rio Grande do Sul - Brazil,"(-29.9838184, -50.1343012)"
2019-11-29,Brazil,PE,Pernambuco,Recife,Recife - Pernambuco - Brazil,"(-8.0577401, -34.8829629)"
2019-11-28,Brazil,DF,Distrito Federal,Brasília,Brasília - Distrito Federal - Brazil,"(-15.7975154, -47.89188739999999)"
2019-11-26,Brazil,RJ,Rio de Janeiro,Nova Friburgo,Nova Friburgo - Rio de Janeiro - Brazil,"(-22.2887261, -42.5340796)"
2019-11-21,Brazil,SP,São Paulo,São Paulo,São Paulo - São Paulo - Brazil,"(-23.5557714, -46.6395571)"
2019-11-21,Brazil,RS,Rio Grande do Sul,Porto Alegre,Porto Alegre - Rio Grande do Sul - Brazil,"(-30.0368176, -51.2089887)"
2019-11-14,Brazil,SP,São Paulo,Sumaré,Sumaré - São Paulo - Brazil,"(-23.5444153, -46.6851971)"
2019-11-05,Brazil,MG,Minas Gerais,Sete Lagoas,Sete Lagoas - Minas Gerais - Brazil,"(-19.4646696, -44.24525269999999)"
2019-11-01,Brazil,RJ,Rio de Janeiro,Volta Redonda,Volta Redonda - Rio de Janeiro - Brazil,"(-22.5077705, -44.0946137)"
2019-10-31,Brazil,SC,Santa Catarina,Florianópolis,Florianópolis - Santa Catarina - Brazil,"(-27.5948036, -48.5569286)"
2019-10-24,Brazil,RJ,Rio de Janeiro,Rio de Janeiro,Rio de Janeiro - Rio de Janeiro - Brazil,"(-22.9068467, -43.1728965)"
2019-10-17,Brazil,RS,Rio Grande do Sul,Porto Alegre,Porto Alegre - Rio Grande do Sul - Brazil,"(-30.0368176, -51.2089887)"
2019-10-17,Brazil,MT,Mato Grosso,Cuiabá,Cuiabá - Mato Grosso - Brazil,"(-15.5954142, -56.0925824)"
2019-10-10,Brazil,PR,Paraná,Curitiba,Curitiba - Paraná - Brazil,"(-25.4372382, -49.2699727)"
2019-10-08,Brazil,SP,São Paulo,São Paulo,São Paulo - São Paulo - Brazil,"(-23.5557714, -46.6395571)"
2019-09-19,Brazil,SE,Sergipe,Aracaju,Aracaju - Sergipe - Brazil,"(-10.9266526, -37.0729014)"
2019-08-29,Brazil,ES,Espírito Santo,Cachoeiro De Itapemirim,Cachoeiro De Itapemirim - Espírito Santo - Brazil,"(-20.8517991, -41.1148627)"
2019-08-21,Brazil,MA,Maranhão,São José De Ribamar,São José De Ribamar - Maranhão - Brazil,"(-2.5527251, -44.0684557)"
2019-08-15,Brazil,SP,São Paulo,São Paulo,São Paulo - São Paulo - Brazil,"(-23.5557714, -46.6395571)"
2019-08-01,Brazil,RS,Rio Grande do Sul,Caxias do Sul,Caxias do Sul - Rio Grande do Sul - Brazil,"(-29.1740137, -51.1812032)"
2019-08-01,Brazil,SP,São Paulo,São Paulo,São Paulo - São Paulo - Brazil,"(-23.5557714, -46.6395571)"
2019-07-31,Brazil,SP,São Paulo,Ourinhos,Ourinhos - São Paulo - Brazil,"(-22.9796575, -49.8666218)"
2019-07-25,Brazil,RS,Rio Grande do Sul,Cruz Alta,Cruz Alta - Rio Grande do Sul - Brazil,"(-28.6452209, -53.60523449999999)"
2019-06-05,Brazil,PR,Paraná,Curitiba,Curitiba - Paraná - Brazil,"(-25.4372382, -49.2699727)"
2019-06-05,Brazil,PR,Paraná,Maringá,Maringá - Paraná - Brazil,"(-23.4209995, -51.9330558)"
2019-06-04,Brazil,CE,Ceará,Sobral,Sobral - Ceará - Brazil,"(-3.6844057, -40.3561823)"
2019-05-31,Brazil,GO,Goiás,Goiânia,Goiânia - Goiás - Brazil,"(-16.6868912, -49.2647943)"
2019-05-30,Brazil,SP,São Paulo,São Paulo,São Paulo - São Paulo - Brazil,"(-23.5557714, -46.6395571)"
2019-05-30,Brazil,RJ,Rio de Janeiro,Rio de Janeiro,Rio de Janeiro - Rio de Janeiro - Brazil,"(-22.9068467, -43.1728965)"
2019-05-30,Brazil,SP,São Paulo,Ribeirão Preto,Ribeirão Preto - São Paulo - Brazil,"(-21.1694018, -47.8110855)"
2019-05-07,Brazil,TO,Tocantins,Palmas,Palmas - Tocantins - Brazil,"(-10.249091, -48.32428580000001)"
2019-05-03,Brazil,SP,São Paulo,São Paulo,São Paulo - São Paulo - Brazil,"(-23.5557714, -46.6395571)"
2019-05-02,Brazil,SP,São Paulo,São Paulo,São Paulo - São Paulo - Brazil,"(-23.5557714, -46.6395571)"
2019-04-25,Brazil,SP,São Paulo,Jaú,Jaú - São Paulo - Brazil,"(-22.3023754, -48.5723053)"
2019-04-18,Brazil,RO,Rondônia,Porto Velho,Porto Velho - Rondônia - Brazil,"(-8.7635576, -63.89717040000001)"
2019-04-16,Brazil,SP,São Paulo,Praia Grande,Praia Grande - São Paulo - Brazil,"(-24.0089072, -46.4125304)"
2019-04-11,Brazil,DF,Distrito Federal,Brasília,Brasília - Distrito Federal - Brazil,"(-15.7975154, -47.89188739999999)"
2019-03-27,Brazil,ES,Espírito Santo,Vila Velha,Vila Velha - Espírito Santo - Brazil,"(-20.3518079, -40.3079697)"
2019-03-21,Brazil,RS,Rio Grande do Sul,Passo Fundo,Passo Fundo - Rio Grande do Sul - Brazil,"(-28.2622601, -52.41027949999999)"
2019-02-28,Brazil,PE,Pernambuco,Recife,Recife - Pernambuco - Brazil,"(-8.0577401, -34.8829629)"
2019-02-27,Brazil,PA,Pará,Belém,Belém - Pará - Brazil,"(-1.4563432, -48.501299)"
2018-12-14,Brazil,PA,Pará,Santarém,Santarém - Pará - Brazil,"(-2.4406918, -54.7136192)"
2018-12-13,Brazil,SC,Santa Catarina,Florianópolis,Florianópolis - Santa Catarina - Brazil,"(-27.5948036, -48.5569286)"
2018-12-07,Brazil,DF,Distrito Federal,Brasília,Brasília - Distrito Federal - Brazil,"(-15.7975154, -47.89188739999999)"
2018-12-07,Brazil,MG,Minas Gerais,Poços de Caldas,Poços de Caldas - Minas Gerais - Brazil,"(-21.7853997, -46.5619342)"
2018-12-06,Brazil,MG,Minas Gerais,Barbacena,Barbacena - Minas Gerais - Brazil,"(-21.2219897, -43.77244870000001)"
2018-12-05,Brazil,MT,Mato Grosso,Rondonópolis,Rondonópolis - Mato Grosso - Brazil,"(-16.4654757, -54.6387229)"
2018-11-19,Brazil,SP,São Paulo,Praia Grande,Praia Grande - São Paulo - Brazil,"(-24.0089072, -46.4125304)"
2018-11-19,Brazil,SP,São Paulo,Praia Grande,Praia Grande - São Paulo - Brazil,"(-24.0089072, -46.4125304)"
2018-11-13,Brazil,PR,Paraná,Paranavaí,Paranavaí - Paraná - Brazil,"(-23.0818946, -52.4624412)"
2018-11-08,Brazil,RS,Rio Grande do Sul,Passo Fundo,Passo Fundo - Rio Grande do Sul - Brazil,"(-28.2622601, -52.41027949999999)"
2018-10-30,Brazil,SP,São Paulo,Itu,Itu - São Paulo - Brazil,"(-23.2636298, -47.3010875)"
2018-10-23,Brazil,MT,Mato Grosso,Cuiabá,Cuiabá - Mato Grosso - Brazil,"(-15.5954142, -56.0925824)"
2018-10-23,Brazil,MT,Mato Grosso,Cuiabá,Cuiabá - Mato Grosso - Brazil,"(-15.5954142, -56.0925824)"
2018-10-23,Brazil,MT,Mato Grosso,Cuiabá,Cuiabá - Mato Grosso - Brazil,"(-15.5954142, -56.0925824)"
2018-10-18,Brazil,PR,Paraná,Ponta Grossa,Ponta Grossa - Paraná - Brazil,"(-25.0993943, -50.15829979999999)"
2018-10-05,Brazil,AM,Amazonas,Manaus,Manaus - Amazonas - Brazil,"(-3.1190275, -60.0217314)"
2018-10-04,Brazil,SP,São Paulo,Itapetininga,Itapetininga - São Paulo - Brazil,"(-23.5818554, -48.0317589)"
2018-09-27,Brazil,SP,São Paulo,São Paulo,São Paulo - São Paulo - Brazil,"(-23.5557714, -46.6395571)"
2018-09-14,Brazil,MG,Minas Gerais,Uberaba,Uberaba - Minas Gerais - Brazil,"(-19.7460372, -47.9339936)"
2018-09-13,Brazil,SP,São Paulo,São Paulo,São Paulo - São Paulo - Brazil,"(-23.5557714, -46.6395571)"
2018-09-13,Brazil,MA,Maranhão,Imperatriz,Imperatriz - Maranhão - Brazil,"(-5.5237633, -47.4761951)"
2018-09-05,Brazil,RJ,Rio de Janeiro,Rio de Janeiro,Rio de Janeiro - Rio de Janeiro - Brazil,"(-22.9068467, -43.1728965)"
2018-09-04,Brazil,RS,Rio Grande do Sul,Porto Alegre,Porto Alegre - Rio Grande do Sul - Brazil,"(-30.0368176, -51.2089887)"
2018-08-21,Brazil,MG,Minas Gerais,Divinópolis,Divinópolis - Minas Gerais - Brazil,"(-20.1435294, -44.89040620000001)"
2018-08-16,Brazil,PB,Paraíba,Campina Grande,Campina Grande - Paraíba - Brazil,"(-7.2206167, -35.8888328)"
2018-08-16,Brazil,SC,Santa Catarina,Blumenau,Blumenau - Santa Catarina - Brazil,"(-26.9165792, -49.0717331)"
2018-08-13,Brazil,SE,Sergipe,Aracaju,Aracaju - Sergipe - Brazil,"(-10.9266526, -37.0729014)"
2018-08-09,Brazil,MG,Minas Gerais,Belo Horizonte,Belo Horizonte - Minas Gerais - Brazil,"(-19.919052, -43.9386685)"
2018-07-31,Brazil,AM,Amazonas,Manaus,Manaus - Amazonas - Brazil,"(-3.1190275, -60.0217314)"
2018-07-12,Brazil,SC,Santa Catarina,Joinville,Joinville - Santa Catarina - Brazil,"(-26.3043758, -48.84637439999999)"
2018-07-05,Brazil,DF,Distrito Federal,Brasília,Brasília - Distrito Federal - Brazil,"(-15.7975154, -47.89188739999999)"
2018-06-08,Brazil,SP,São Paulo,São Paulo,São Paulo - São Paulo - Brazil,"(-23.5557714, -46.6395571)"
2018-06-07,Brazil,SP,São Paulo,Suzano,Suzano - São Paulo - Brazil,"(-23.5376111, -46.3092622)"
2018-05-10,Brazil,AM,Amazonas,Manaus,Manaus - Amazonas - Brazil,"(-3.1190275, -60.0217314)"
2018-05-08,Brazil,PE,Pernambuco,Olinda,Olinda - Pernambuco - Brazil,"(-7.992019300000001, -34.84223679999999)"
2018-05-03,Brazil,MS,Mato Grosso do Sul,Dourados,Dourados - Mato Grosso do Sul - Brazil,"(-22.2236054, -54.812498)"
2018-05-03,Brazil,SP,São Paulo,Valinhos,Valinhos - São Paulo - Brazil,"(-22.9691172, -46.9958185)"
2018-05-02,Brazil,PE,Pernambuco,Camaragibe,Camaragibe - Pernambuco - Brazil,"(-8.0232973, -34.9944969)"
2018-04-26,Brazil,RO,Rondônia,Porto Velho,Porto Velho - Rondônia - Brazil,"(-8.7635576, -63.89717040000001)"
2018-04-26,Brazil,PR,Paraná,Guarapuava,Guarapuava - Paraná - Brazil,"(-25.3888586, -51.4612553)"
2018-04-26,Brazil,BA,Bahia,Vitória da Conquista,Vitória da Conquista - Bahia - Brazil,"(-14.8619237, -40.8445346)"
2018-04-26,Brazil,DF,Distrito Federal,Brasília,Brasília - Distrito Federal - Brazil,"(-15.7975154, -47.89188739999999)"
2018-04-25,Brazil,SP,São Paulo,São Caetano,São Caetano - São Paulo - Brazil,"(-23.6164434, -46.567958)"
2018-04-20,Brazil,RJ,Rio de Janeiro,Rio de Janeiro,Rio de Janeiro - Rio de Janeiro - Brazil,"(-22.9068467, -43.1728965)"
2018-04-19,Brazil,SC,Santa Catarina,Florianópolis,Florianópolis - Santa Catarina - Brazil,"(-27.5948036, -48.5569286)"
2018-04-12,Brazil,GO,Goiás,Goiânia,Goiânia - Goiás - Brazil,"(-16.6868912, -49.2647943)"
2018-04-12,Brazil,BA,Bahia,Salvador,Salvador - Bahia - Brazil,"(-12.9777334, -38.501648)"
2018-03-29,Brazil,PI,Piauí,Parnaíba,Parnaíba - Piauí - Brazil,"(-2.9096093, -41.7537178)"
2018-03-22,Brazil,GO,Goiás,Goiânia,Goiânia - Goiás - Brazil,"(-16.6868912, -49.2647943)"
2018-03-15,Brazil,MG,Minas Gerais,Varginha,Varginha - Minas Gerais - Brazil,"(-21.5560459, -45.4363875)"
2018-03-08,Brazil,SC,Santa Catarina,Chapecó,Chapecó - Santa Catarina - Brazil,"(-27.1048145, -52.6143383)"
2017-12-14,Brazil,PA,Pará,Ananindeua,Ananindeua - Pará - Brazil,"(-1.3649909, -48.3739943)"
2017-12-01,Brazil,PR,Paraná,Curitiba,Curitiba - Paraná - Brazil,"(-25.4372382, -49.2699727)"
2017-11-29,Brazil,DF,Distrito Federal,Brasília,Brasília - Distrito Federal - Brazil,"(-15.7975154, -47.89188739999999)"
2017-11-24,Brazil,RS,Rio Grande do Sul,Canoas,Canoas - Rio Grande do Sul - Brazil,"(-29.9077898, -51.1847036)"
2017-11-24,Brazil,RS,Rio Grande do Sul,Canoas,Canoas - Rio Grande do Sul - Brazil,"(-29.9077898, -51.1847036)"
2017-11-24,Brazil,RS,Rio Grande do Sul,Canoas,Canoas - Rio Grande do Sul - Brazil,"(-29.9077898, -51.1847036)"
2017-11-24,Brazil,SP,São Paulo,Guarujá,Guarujá - São Paulo - Brazil,"(-23.9939372, -46.25745740000001)"
2017-11-23,Brazil,SP,São Paulo,São Paulo,São Paulo - São Paulo - Brazil,"(-23.5557714, -46.6395571)"
2017-11-23,Brazil,SP,São Paulo,Guarulhos,Guarulhos - São Paulo - Brazil,"(-23.4596858, -46.5328559)"
2017-11-17,Brazil,SP,São Paulo,Taubaté,Taubaté - São Paulo - Brazil,"(-23.024996, -45.5638792)"
2017-11-16,Brazil,SP,São Paulo,São Paulo,São Paulo - São Paulo - Brazil,"(-23.5557714, -46.6395571)"
2017-11-15,Brazil,PA,Pará,Belém,Belém - Pará - Brazil,"(-1.4563432, -48.501299)"
2017-11-07,Brazil,RS,Rio Grande do Sul,Porto Alegre,Porto Alegre - Rio Grande do Sul - Brazil,"(-30.0368176, -51.2089887)"
2017-10-26,Brazil,SP,São Paulo,São Paulo,São Paulo - São Paulo - Brazil,"(-23.5557714, -46.6395571)"
2017-10-19,Brazil,MG,Minas Gerais,Belo Horizonte,Belo Horizonte - Minas Gerais - Brazil,"(-19.919052, -43.9386685)"
2017-10-19,Brazil,PR,Paraná,Maringá,Maringá - Paraná - Brazil,"(-23.4209995, -51.9330558)"
2017-10-06,Brazil,MG,Minas Gerais,Belo Horizonte,Belo Horizonte - Minas Gerais - Brazil,"(-19.919052, -43.9386685)"
2017-10-06,Brazil,SP,São Paulo,Indaiatuba,Indaiatuba - São Paulo - Brazil,"(-23.0881389, -47.2080171)"
2017-10-05,Brazil,SC,Santa Catarina,Itajaí,Itajaí - Santa Catarina - Brazil,"(-26.9082859, -48.6775167)"
2017-10-04,Brazil,CE,Ceará,Fortaleza,Fortaleza - Ceará - Brazil,"(-3.7327203, -38.5270134)"
2017-09-29,Brazil,SP,São Paulo,São Paulo,São Paulo - São Paulo - Brazil,"(-23.5557714, -46.6395571)"
2017-09-28,Brazil,MA,Maranhão,São Luís,São Luís - Maranhão - Brazil,"(-2.5306721, -44.2988947)"
2017-09-28,Brazil,MG,Minas Gerais,Belo Horizonte,Belo Horizonte - Minas Gerais - Brazil,"(-19.919052, -43.9386685)"
2017-09-28,Brazil,RS,Rio Grande do Sul,Santa Maria,Santa Maria - Rio Grande do Sul - Brazil,"(-29.68949839999999, -53.7923441)"
2017-09-27,Brazil,SP,São Paulo,São Paulo,São Paulo - São Paulo - Brazil,"(-23.5557714, -46.6395571)"
2017-09-20,Brazil,RS,Rio Grande do Sul,Gramado,Gramado - Rio Grande do Sul - Brazil,"(-29.3745686, -50.876435)"
2017-09-06,Brazil,PR,Paraná,Londrina,Londrina - Paraná - Brazil,"(-23.3197305, -51.1662008)"
2017-09-01,Brazil,RS,Rio Grande do Sul,Santa Maria,Santa Maria - Rio Grande do Sul - Brazil,"(-29.68949839999999, -53.7923441)"
2017-08-31,Brazil,RS,Rio Grande do Sul,São Leopoldo,São Leopoldo - Rio Grande do Sul - Brazil,"(-29.76074169999999, -51.1480174)"
2017-08-29,Brazil,SP,São Paulo,São Paulo,São Paulo - São Paulo - Brazil,"(-23.5557714, -46.6395571)"
2017-08-25,Brazil,RJ,Rio de Janeiro,Rio de Janeiro,Rio de Janeiro - Rio de Janeiro - Brazil,"(-22.9068467, -43.1728965)"
2017-08-24,Brazil,SP,São Paulo,Santos,Santos - São Paulo - Brazil,"(-23.9592201, -46.3317787)"
2017-08-03,Brazil,PA,Pará,Belém,Belém - Pará - Brazil,"(-1.4563432, -48.501299)"
2017-07-27,Brazil,SP,São Paulo,São Paulo,São Paulo - São Paulo - Brazil,"(-23.5557714, -46.6395571)"
2017-07-14,Brazil,RS,Rio Grande do Sul,Santa Cruz do Sul,Santa Cruz do Sul - Rio Grande do Sul - Brazil,"(-29.7240867, -52.4361042)"
2017-07-05,Brazil,AL,Alagoas,Maceió,Maceió - Alagoas - Brazil,"(-9.6660417, -35.7352167)"
2017-06-29,Brazil,PI,Piauí,Teresina,Teresina - Piauí - Brazil,"(-5.0810984, -42.774291)"
2017-06-29,Brazil,SP,São Paulo,São Paulo,São Paulo - São Paulo - Brazil,"(-23.5557714, -46.6395571)"
2017-06-22,Brazil,MG,Minas Gerais,Belo Horizonte,Belo Horizonte - Minas Gerais - Brazil,"(-19.919052, -43.9386685)"
2017-06-21,Brazil,RN,Rio Grande do Norte,Natal,Natal - Rio Grande do Norte - Brazil,"(-5.7841695, -35.1999708)"
2017-06-16,Brazil,BA,Bahia,Itabuna,Itabuna - Bahia - Brazil,"(-14.7916229, -39.2833243)"
2017-06-09,Brazil,RS,Rio Grande do Sul,Guaíba,Guaíba - Rio Grande do Sul - Brazil,"(-30.1079519, -51.3196503)"
2017-06-09,Brazil,RS,Rio Grande do Sul,Porto Alegre,Porto Alegre - Rio Grande do Sul - Brazil,"(-30.0368176, -51.2089887)"
2017-06-08,Brazil,SE,Sergipe,Aracaju,Aracaju - Sergipe - Brazil,"(-10.9266526, -37.0729014)"
2017-06-08,Brazil,MG,Minas Gerais,Juiz de Fora,Juiz de Fora - Minas Gerais - Brazil,"(-21.7623932, -43.3434669)"
2017-06-06,Brazil,MG,Minas Gerais,Juiz de Fora,Juiz de Fora - Minas Gerais - Brazil,"(-21.7623932, -43.3434669)"
2017-06-02,Brazil,RJ,Rio de Janeiro,Rio de Janeiro,Rio de Janeiro - Rio de Janeiro - Brazil,"(-22.9068467, -43.1728965)"
2017-05-25,Brazil,SC,Santa Catarina,Jaraguá do Sul,Jaraguá do Sul - Santa Catarina - Brazil,"(-26.4813798, -49.0842138)"
2017-05-18,Brazil,PR,Paraná,Curitiba,Curitiba - Paraná - Brazil,"(-25.4372382, -49.2699727)"
2017-05-05,Brazil,RJ,Rio de Janeiro,Nova Iguaçu,Nova Iguaçu - Rio de Janeiro - Brazil,"(-22.759464, -43.44950499999999)"
2017-05-04,Brazil,BA,Bahia,Salvador,Salvador - Bahia - Brazil,"(-12.9777334, -38.501648)"
2017-04-27,Brazil,BA,Bahia,Salvador,Salvador - Bahia - Brazil,"(-12.9777334, -38.501648)"
2017-04-27,Brazil,RS,Rio Grande do Sul,Passo Fundo ,Passo Fundo  - Rio Grande do Sul - Brazil,"(-28.2622601, -52.41027949999999)"
2017-04-25,Brazil,SP,São Paulo,Itaquaquecetuba,Itaquaquecetuba - São Paulo - Brazil,"(-23.4962199, -46.3565234)"
2017-04-20,Brazil,PI,Piauí,Teresina,Teresina - Piauí - Brazil,"(-5.0810984, -42.774291)"
2017-04-12,Brazil,SP,São Paulo,Barueri,Barueri - São Paulo - Brazil,"(-23.5035038, -46.8785555)"
2017-04-06,Brazil,SP,São Paulo,Barueri,Barueri - São Paulo - Brazil,"(-23.5035038, -46.8785555)"
2017-04-06,Brazil,MG,Minas Gerais,Uberlândia,Uberlândia - Minas Gerais - Brazil,"(-18.9127749, -48.2755227)"
2017-03-30,Brazil,RS,Rio Grande do Sul,Caxias do Sul,Caxias do Sul - Rio Grande do Sul - Brazil,"(-29.1740137, -51.1812032)"
2017-03-30,Brazil,SC,Santa Catarina,São José,São José - Santa Catarina - Brazil,"(-27.5950396, -48.61376809999999)"
2017-03-29,Brazil,ES,Espírito Santo,Linhares,Linhares - Espírito Santo - Brazil,"(-19.3990168, -40.0653465)"
2017-03-23,Brazil,MG,Minas Gerais,Governador Valadares,Governador Valadares - Minas Gerais - Brazil,"(-18.8558333, -41.95718979999999)"
2017-03-23,Brazil,PA,Pará,Parauapebas,Parauapebas - Pará - Brazil,"(-6.0687329, -49.9035855)"
2017-03-16,Brazil,SC,Santa Catarina,Joinville,Joinville - Santa Catarina - Brazil,"(-26.3043758, -48.84637439999999)"
2017-03-16,Brazil,SP,São Paulo,São Paulo,São Paulo - São Paulo - Brazil,"(-23.5557714, -46.6395571)"
2017-03-09,Brazil,SC,Santa Catarina,Criciúma,Criciúma - Santa Catarina - Brazil,"(-28.6774759, -49.3704155)"
2017-03-03,Brazil,SP,São Paulo,São Bernardo do Campo,São Bernardo do Campo - São Paulo - Brazil,"(-23.7018047, -46.5536333)"
2016-12-13,Brazil,PB,Paraíba,João Pessoa,João Pessoa - Paraíba - Brazil,"(-7.118835199999999, -34.8814339)"
2016-12-08,Brazil,SP,São Paulo,Campinas,Campinas - São Paulo - Brazil,"(-22.9050824, -47.0613327)"
2016-11-28,Brazil,CE,Ceará,Fortaleza,Fortaleza - Ceará - Brazil,"(-3.7327203, -38.5270134)"
2016-11-24,Brazil,PR,Paraná,Maringá,Maringá - Paraná - Brazil,"(-23.4209995, -51.9330558)"
2016-11-24,Brazil,PR,Paraná,São José dos Pinhais,São José dos Pinhais - Paraná - Brazil,"(-25.5345818, -49.2032653)"
2016-11-22,Brazil,GO,Goiás,Goiânia,Goiânia - Goiás - Brazil,"(-16.6868912, -49.2647943)"
2016-11-22,Brazil,SP,São Paulo,Bragança Paulista,Bragança Paulista - São Paulo - Brazil,"(-22.9531705, -46.5423239)"
2016-11-16,Brazil,DF,Distrito Federal,Brasília,Brasília - Distrito Federal - Brazil,"(-15.7975154, -47.89188739999999)"
2016-11-16,Brazil,MG,Minas Gerais,Belo Horizonte,Belo Horizonte - Minas Gerais - Brazil,"(-19.919052, -43.9386685)"
2016-11-10,Brazil,PE,Pernambuco,Recife,Recife - Pernambuco - Brazil,"(-8.0577401, -34.8829629)"
2016-11-07,Brazil,SP,São Paulo,São Paulo,São Paulo - São Paulo - Brazil,"(-23.5557714, -46.6395571)"
2016-10-31,Brazil,RJ,Rio de Janeiro,Teresópolis,Teresópolis - Rio de Janeiro - Brazil,"(-22.4170038, -42.9755379)"
2016-10-27,Brazil,SP,São Paulo,Carapicuíba,Carapicuíba - São Paulo - Brazil,"(-23.532124, -46.83202259999999)"
2016-10-26,Brazil,CE,Ceará,Fortaleza,Fortaleza - Ceará - Brazil,"(-3.7327203, -38.5270134)"
2016-10-20,Brazil,PA,Pará,Belém,Belém - Pará - Brazil,"(-1.4563432, -48.501299)"
2016-10-20,Brazil,MG,Minas Gerais,Belo Horizonte,Belo Horizonte - Minas Gerais - Brazil,"(-19.919052, -43.9386685)"
2016-10-18,Brazil,RJ,Rio de Janeiro,Rio de Janeiro,Rio de Janeiro - Rio de Janeiro - Brazil,"(-22.9068467, -43.1728965)"
2016-10-13,Brazil,SC,Santa Catarina,Balneário Camboriú,Balneário Camboriú - Santa Catarina - Brazil,"(-26.9979839, -48.63258)"
2016-10-11,Brazil,BA,Bahia,Salvador,Salvador - Bahia - Brazil,"(-12.9777334, -38.501648)"
2016-10-11,Brazil,SP,São Paulo,São Paulo,São Paulo - São Paulo - Brazil,"(-23.5557714, -46.6395571)"
2016-10-11,Brazil,SP,São Paulo,São Paulo,São Paulo - São Paulo - Brazil,"(-23.5557714, -46.6395571)"
2016-10-10,Brazil,DF,Distrito Federal,Brasília,Brasília - Distrito Federal - Brazil,"(-15.7975154, -47.89188739999999)"
2016-10-10,Brazil,DF,Distrito Federal,Brasília,Brasília - Distrito Federal - Brazil,"(-15.7975154, -47.89188739999999)"
2016-10-07,Brazil,PB,Paraíba,Campina Grande,Campina Grande - Paraíba - Brazil,"(-7.2206167, -35.8888328)"
2016-10-04,Brazil,SP,São Paulo,Campinas,Campinas - São Paulo - Brazil,"(-22.9050824, -47.0613327)"
2016-10-01,Brazil,SP,São Paulo,São Bernardo do Campo,São Bernardo do Campo - São Paulo - Brazil,"(-23.7018047, -46.5536333)"
2016-09-30,Brazil,RS,Rio Grande do Sul,Capão da Canoa,Capão da Canoa - Rio Grande do Sul - Brazil,"(-29.7579178, -50.0174127)"
2016-09-29,Brazil,SP,São Paulo,Santo André,Santo André - São Paulo - Brazil,"(-23.6788863, -46.536706)"
2016-09-08,Brazil,RS,Rio Grande do Sul,Bento Gonçalves,Bento Gonçalves - Rio Grande do Sul - Brazil,"(-29.1667089, -51.5169861)"
2016-09-06,Brazil,ES,Espírito Santo,Vila Velha,Vila Velha - Espírito Santo - Brazil,"(-20.3518079, -40.3079697)"
2016-08-13,Brazil,SP,São Paulo,São Paulo,São Paulo - São Paulo - Brazil,"(-23.5557714, -46.6395571)"
2016-08-10,Brazil,MA,Maranhão,São Luís,São Luís - Maranhão - Brazil,"(-2.5306721, -44.2988947)"
2016-08-04,Brazil,RJ,Rio de Janeiro,Rio de Janeiro,Rio de Janeiro - Rio de Janeiro - Brazil,"(-22.9068467, -43.1728965)"
2016-07-29,Brazil,RJ,Rio de Janeiro,Rio de Janeiro,Rio de Janeiro - Rio de Janeiro - Brazil,"(-22.9068467, -43.1728965)"
2016-07-12,Brazil,MG,Minas Gerais,Juiz de Fora,Juiz de Fora - Minas Gerais - Brazil,"(-21.7623932, -43.3434669)"
2016-07-07,Brazil,RN,Rio Grande do Norte,Natal,Natal - Rio Grande do Norte - Brazil,"(-5.7841695, -35.1999708)"
2016-06-10,Brazil,PR,Paraná,Foz do Iguaçu,Foz do Iguaçu - Paraná - Brazil,"(-25.5163356, -54.58537639999999)"
2016-06-02,Brazil,SP,São Paulo,Sorocaba,Sorocaba - São Paulo - Brazil,"(-23.470905, -47.4851488)"
2016-06-02,Brazil,SP,São Paulo,Itu,Itu - São Paulo - Brazil,"(-23.2636298, -47.3010875)"
2016-05-25,Brazil,PR,Paraná,Curitiba,Curitiba - Paraná - Brazil,"(-25.4372382, -49.2699727)"
2016-05-25,Brazil,SP,São Paulo,Osasco,Osasco - São Paulo - Brazil,"(-23.533385, -46.7914568)"
2016-05-19,Brazil,SP,São Paulo,Campinas,Campinas - São Paulo - Brazil,"(-22.9050824, -47.0613327)"
2016-05-19,Brazil,MG,Minas Gerais,Contagem,Contagem - Minas Gerais - Brazil,"(-19.9384589, -44.0518344)"
2016-05-18,Brazil,SP,São Paulo,Campinas,Campinas - São Paulo - Brazil,"(-22.9050824, -47.0613327)"
2016-05-05,Brazil,MG,Minas Gerais,Belo Horizonte,Belo Horizonte - Minas Gerais - Brazil,"(-19.919052, -43.9386685)"
2016-05-05,Brazil,RS,Rio Grande do Sul,Canoas,Canoas - Rio Grande do Sul - Brazil,"(-29.9077898, -51.1847036)"
2016-05-04,Brazil,AL,Alagoas,Maceió,Maceió - Alagoas - Brazil,"(-9.6660417, -35.7352167)"
2016-04-28,Brazil,RJ,Rio de Janeiro,Nova Iguaçu,Nova Iguaçu - Rio de Janeiro - Brazil,"(-22.759464, -43.44950499999999)"
2016-04-28,Brazil,SP,São Paulo,São Paulo,São Paulo - São Paulo - Brazil,"(-23.5557714, -46.6395571)"
2016-04-27,Brazil,RJ,Rio de Janeiro,Nova Iguaçu,Nova Iguaçu - Rio de Janeiro - Brazil,"(-22.759464, -43.44950499999999)"
2016-04-27,Brazil,RS,Rio Grande do Sul,Porto Alegre,Porto Alegre - Rio Grande do Sul - Brazil,"(-30.0368176, -51.2089887)"
2016-04-26,Brazil,GO,Goiás,Goiânia,Goiânia - Goiás - Brazil,"(-16.6868912, -49.2647943)"
2016-04-26,Brazil,PE,Pernambuco,Paulista,Paulista - Pernambuco - Brazil,"(-7.918524799999999, -34.8209607)"
2016-04-20,Brazil,SP,São Paulo,São Paulo,São Paulo - São Paulo - Brazil,"(-23.5557714, -46.6395571)"
2016-04-16,Brazil,SC,Santa Catarina,Criciúma,Criciúma - Santa Catarina - Brazil,"(-28.6774759, -49.3704155)"
2016-04-12,Brazil,MG,Minas Gerais,Varginha,Varginha - Minas Gerais - Brazil,"(-21.5560459, -45.4363875)"
2016-04-07,Brazil,SP,São Paulo,Piracicaba,Piracicaba - São Paulo - Brazil,"(-22.7342864, -47.6480644)"
2016-03-30,Brazil,SP,São Paulo,Mogi das Cruzes,Mogi das Cruzes - São Paulo - Brazil,"(-23.5393849, -46.216729)"
2016-03-30,Brazil,SP,São Paulo,São Paulo,São Paulo - São Paulo - Brazil,"(-23.5557714, -46.6395571)"
2016-03-24,Brazil,SP,São Paulo,São Paulo,São Paulo - São Paulo - Brazil,"(-23.5557714, -46.6395571)"
2016-03-23,Brazil,MA,Maranhão,São Luís,São Luís - Maranhão - Brazil,"(-2.5306721, -44.2988947)"
2016-03-22,Brazil,BA,Bahia,Juazeiro,Juazeiro - Bahia - Brazil,"(-9.4312697, -40.5078709)"
2016-03-16,Brazil,MG,Minas Gerais,Belo Horizonte,Belo Horizonte - Minas Gerais - Brazil,"(-19.919052, -43.9386685)"
2016-03-10,Brazil,SC,Santa Catarina,Florianópolis,Florianópolis - Santa Catarina - Brazil,"(-27.5948036, -48.5569286)"
2015-12-10,Brazil,RS,Rio Grande do Sul,Uruguaiana,Uruguaiana - Rio Grande do Sul - Brazil,"(-29.7584058, -57.0863393)"
2015-12-10,Brazil,SC,Santa Catarina,Joinville,Joinville - Santa Catarina - Brazil,"(-26.3043758, -48.84637439999999)"
2015-12-03,Brazil,SP,São Paulo,Jundiaí,Jundiaí - São Paulo - Brazil,"(-23.1856528, -46.8892222)"
2015-11-27,Brazil,GO,Goiás,Valparaíso de Goiás,Valparaíso de Goiás - Goiás - Brazil,"(-16.0753495, -47.9860535)"
2015-11-27,Brazil,SP,São Paulo,Barretos,Barretos - São Paulo - Brazil,"(-20.5723289, -48.5676418)"
2015-11-26,Brazil,PE,Pernambuco,Recife,Recife - Pernambuco - Brazil,"(-8.0577401, -34.8829629)"
2015-11-26,Brazil,SP,São Paulo,Guaratinguetá,Guaratinguetá - São Paulo - Brazil,"(-22.8036522, -45.1859013)"
2015-11-26,Brazil,RJ,Rio de Janeiro,Angra dos Reis,Angra dos Reis - Rio de Janeiro - Brazil,"(-23.0069216, -44.3185172)"
2015-11-26,Brazil,BA,Bahia,Camaçari,Camaçari - Bahia - Brazil,"(-12.7001932, -38.325345)"
2015-11-18,Brazil,PI,Piauí,Teresina,Teresina - Piauí - Brazil,"(-5.0810984, -42.774291)"
2015-11-17,Brazil,MT,Mato Grosso,Várzea Grande,Várzea Grande - Mato Grosso - Brazil,"(-15.6505125, -56.1354693)"
2015-11-14,Brazil,SP,São Paulo,São Paulo,São Paulo - São Paulo - Brazil,"(-23.5557714, -46.6395571)"
2015-11-14,Brazil,SP,São Paulo,Lorena,Lorena - São Paulo - Brazil,"(-22.7348827, -45.1183782)"
2015-11-13,Brazil,SP,São Paulo,Taboão da Serra,Taboão da Serra - São Paulo - Brazil,"(-23.6237092, -46.7795774)"
2015-11-12,Brazil,SP,São Paulo,São José dos Campos,São José dos Campos - São Paulo - Brazil,"(-23.2198396, -45.8915658)"
2015-11-11,Brazil,SP,São Paulo,São Paulo,São Paulo - São Paulo - Brazil,"(-23.5557714, -46.6395571)"
2015-11-06,Brazil,BA,Bahia,Salvador,Salvador - Bahia - Brazil,"(-12.9777334, -38.501648)"
2015-11-06,Brazil,SP,São Paulo,São Bernardo do Campo,São Bernardo do Campo - São Paulo - Brazil,"(-23.7018047, -46.5536333)"
2015-11-05,Brazil,PE,Pernambuco,Recife,Recife - Pernambuco - Brazil,"(-8.0577401, -34.8829629)"
2015-11-05,Brazil,RS,Rio Grande do Sul,Rio Grande,Rio Grande - Rio Grande do Sul - Brazil,"(-32.0407893, -52.1016953)"
2015-11-05,Brazil,SP,São Paulo,São Paulo,São Paulo - São Paulo - Brazil,"(-23.5557714, -46.6395571)"
2015-10-30,Brazil,SC,Santa Catarina,São José,São José - Santa Catarina - Brazil,"(-27.5950396, -48.61376809999999)"
2015-10-15,Brazil,SC,Santa Catarina,Balneário Camboriú,Balneário Camboriú - Santa Catarina - Brazil,"(-26.9979839, -48.63258)"
2015-10-08,Brazil,SP,São Paulo,São Paulo,São Paulo - São Paulo - Brazil,"(-23.5557714, -46.6395571)"
2015-09-29,Brazil,PI,Piauí,Teresina,Teresina - Piauí - Brazil,"(-5.0810984, -42.774291)"
2015-09-24,Brazil,MG,Minas Gerais,Ipatinga,Ipatinga - Minas Gerais - Brazil,"(-19.46319, -42.5592797)"
2015-08-27,Brazil,PA,Pará,Belém,Belém - Pará - Brazil,"(-1.4563432, -48.501299)"
2015-08-19,Brazil,MG,Minas Gerais,Uberaba,Uberaba - Minas Gerais - Brazil,"(-19.7460372, -47.9339936)"
2015-08-07,Brazil,MT,Mato Grosso,Cuiabá,Cuiabá - Mato Grosso - Brazil,"(-15.5954142, -56.0925824)"
2015-07-14,Brazil,CE,Ceará,Fortaleza,Fortaleza - Ceará - Brazil,"(-3.7327203, -38.5270134)"
2015-06-30,Brazil,SP,São Paulo,Araraquara,Araraquara - São Paulo - Brazil,"(-21.7790843, -48.1792643)"
2015-06-09,Brazil,SP,São Paulo,Santo André,Santo André - São Paulo - Brazil,"(-23.6788863, -46.536706)"
2015-06-03,Brazil,PE,Pernambuco,Recife,Recife - Pernambuco - Brazil,"(-8.0577401, -34.8829629)"
2015-06-03,Brazil,RS,Rio Grande do Sul,Novo Hamburgo,Novo Hamburgo - Rio Grande do Sul - Brazil,"(-29.683463, -51.1337471)"
2015-05-20,Brazil,RJ,Rio de Janeiro,Rio de Janeiro,Rio de Janeiro - Rio de Janeiro - Brazil,"(-22.9068467, -43.1728965)"
2015-05-07,Brazil,SP,São Paulo,Santo André,Santo André - São Paulo - Brazil,"(-23.6788863, -46.536706)"
2015-05-05,Brazil,SC,Santa Catarina,Palhoça,Palhoça - Santa Catarina - Brazil,"(-27.6411215, -48.6789533)"
2015-04-30,Brazil,SP,São Paulo,São José do Rio Preto,São José do Rio Preto - São Paulo - Brazil,"(-20.8127115, -49.376521)"
2015-04-29,Brazil,RJ,Rio de Janeiro,Rio de Janeiro,Rio de Janeiro - Rio de Janeiro - Brazil,"(-22.9068467, -43.1728965)"
2015-04-29,Brazil,SP,São Paulo,Santa Bárbara D'Oeste,Santa Bárbara D'Oeste - São Paulo - Brazil,"(-22.7560892, -47.4153925)"
2015-04-29,Brazil,RJ,Rio de Janeiro,Rio de Janeiro,Rio de Janeiro - Rio de Janeiro - Brazil,"(-22.9068467, -43.1728965)"
2015-04-29,Brazil,SP,São Paulo,Taubaté,Taubaté - São Paulo - Brazil,"(-23.024996, -45.5638792)"
2015-04-23,Brazil,RS,Rio Grande do Sul,Porto Alegre,Porto Alegre - Rio Grande do Sul - Brazil,"(-30.0368176, -51.2089887)"
2015-04-18,Brazil,RJ,Rio de Janeiro,Niterói,Niterói - Rio de Janeiro - Brazil,"(-22.8807073, -43.1013526)"
2015-04-16,Brazil,SP,São Paulo,Guarulhos,Guarulhos - São Paulo - Brazil,"(-23.4596858, -46.5328559)"
2015-04-16,Brazil,SP,São Paulo,Guarulhos,Guarulhos - São Paulo - Brazil,"(-23.4596858, -46.5328559)"
2015-04-16,Brazil,SC,Santa Catarina,Jaraguá do Sul,Jaraguá do Sul - Santa Catarina - Brazil,"(-26.4813798, -49.0842138)"
2015-04-02,Brazil,CE,Ceará,Fortaleza,Fortaleza - Ceará - Brazil,"(-3.7327203, -38.5270134)"
2015-02-26,Brazil,RJ,Rio de Janeiro,Itaboraí,Itaboraí - Rio de Janeiro - Brazil,"(-22.7472462, -42.8584458)"
2014-12-11,Brazil,AM,Amazonas,Manaus,Manaus - Amazonas - Brazil,"(-3.1190275, -60.0217314)"
2014-12-05,Brazil,AL,Alagoas,Arapiraca,Arapiraca - Alagoas - Brazil,"(-9.7555596, -36.6639697)"
2014-12-02,Brazil,RR,Roraima,Boa Vista,Boa Vista - Roraima - Brazil,"(2.8206339, -60.6737553)"
2014-11-30,Brazil,PB,Paraíba,João Pessoa,João Pessoa - Paraíba - Brazil,"(-7.118835199999999, -34.8814339)"
2014-11-28,Brazil,AM,Amazonas,Manaus,Manaus - Amazonas - Brazil,"(-3.1190275, -60.0217314)"
2014-11-28,Brazil,RJ,Rio de Janeiro,Rio de Janeiro,Rio de Janeiro - Rio de Janeiro - Brazil,"(-22.9068467, -43.1728965)"
2014-11-28,Brazil,SP,São Paulo,São José dos Campos,São José dos Campos - São Paulo - Brazil,"(-23.2198396, -45.8915658)"
2014-11-27,Brazil,AM,Amazonas,Manaus,Manaus - Amazonas - Brazil,"(-3.1190275, -60.0217314)"
2014-11-27,Brazil,SP,São Paulo,São Paulo,São Paulo - São Paulo - Brazil,"(-23.5557714, -46.6395571)"
2014-11-26,Brazil,DF,Distrito Federal,Brasília,Brasília - Distrito Federal - Brazil,"(-15.7975154, -47.89188739999999)"
2014-11-25,Brazil,RR,Roraima,Boa Vista,Boa Vista - Roraima - Brazil,"(2.8206339, -60.6737553)"
2014-11-20,Brazil,SC,Santa Catarina,Lages,Lages - Santa Catarina - Brazil,"(-27.8178927, -50.3264241)"
2014-11-20,Brazil,GO,Goiás,Rio Verde,Rio Verde - Goiás - Brazil,"(-17.7896277, -50.9204571)"
2014-11-19,Brazil,SP,São Paulo,São Paulo,São Paulo - São Paulo - Brazil,"(-23.5557714, -46.6395571)"
2014-11-11,Brazil,SP,São Paulo,Araçatuba,Araçatuba - São Paulo - Brazil,"(-21.206685, -50.438747)"
2014-11-04,Brazil,MG,Minas Gerais,Belo Horizonte,Belo Horizonte - Minas Gerais - Brazil,"(-19.919052, -43.9386685)"
2014-10-29,Brazil,CE,Ceará,Fortaleza,Fortaleza - Ceará - Brazil,"(-3.7327203, -38.5270134)"
2014-10-29,Brazil,CE,Ceará,Fortaleza,Fortaleza - Ceará - Brazil,"(-3.7327203, -38.5270134)"
2014-10-16,Brazil,SP,São Paulo,Rio Claro,Rio Claro - São Paulo - Brazil,"(-22.4107652, -47.5596215)"
2014-09-26,Brazil,SC,Santa Catarina,Florianópolis,Florianópolis - Santa Catarina - Brazil,"(-27.5948036, -48.5569286)"
2014-09-24,Brazil,MG,Minas Gerais,Belo Horizonte,Belo Horizonte - Minas Gerais - Brazil,"(-19.919052, -43.9386685)"
2014-09-10,Brazil,SC,Santa Catarina,Itajaí,Itajaí - Santa Catarina - Brazil,"(-26.9082859, -48.6775167)"
2014-08-29,Brazil,RS,Rio Grande do Sul,Lajeado,Lajeado - Rio Grande do Sul - Brazil,"(-29.4606538, -51.9679052)"
2014-08-25,Brazil,ES,Espírito Santo,Vila Velha,Vila Velha - Espírito Santo - Brazil,"(-20.3518079, -40.3079697)"
2014-08-25,Brazil,ES,Espírito Santo,Vila Velha,Vila Velha - Espírito Santo - Brazil,"(-20.3518079, -40.3079697)"
2014-07-26,Brazil,DF,Distrito Federal,Brasília,Brasília - Distrito Federal - Brazil,"(-15.7975154, -47.89188739999999)"
2014-07-17,Brazil,RS,Rio Grande do Sul,Pelotas,Pelotas - Rio Grande do Sul - Brazil,"(-31.7699685, -52.3312971)"
2014-07-04,Brazil,SP,São Paulo,São Paulo,São Paulo - São Paulo - Brazil,"(-23.5557714, -46.6395571)"
2014-07-03,Brazil,SP,São Paulo,São Carlos,São Carlos - São Paulo - Brazil,"(-22.0123357, -47.8908108)"
2014-06-26,Brazil,SP,São Paulo,Mogi das Cruzes,Mogi das Cruzes - São Paulo - Brazil,"(-23.5393849, -46.216729)"
2014-06-26,Brazil,RJ,Rio de Janeiro,Rio de Janeiro,Rio de Janeiro - Rio de Janeiro - Brazil,"(-22.9068467, -43.1728965)"
2014-06-26,Brazil,RS,Rio Grande do Sul,Caxias do Sul,Caxias do Sul - Rio Grande do Sul - Brazil,"(-29.1740137, -51.1812032)"
2014-06-24,Brazil,SC,Santa Catarina,Florianópolis,Florianópolis - Santa Catarina - Brazil,"(-27.5948036, -48.5569286)"
2014-06-20,Brazil,SP,São Paulo,São Paulo,São Paulo - São Paulo - Brazil,"(-23.5557714, -46.6395571)"
2014-05-29,Brazil,SP,São Paulo,Botucatu,Botucatu - São Paulo - Brazil,"(-22.8873233, -48.444658)"
2014-05-17,Brazil,MS,Mato Grosso do Sul,Campo Grande,Campo Grande - Mato Grosso do Sul - Brazil,"(-20.4648517, -54.6218477)"
2014-05-10,Brazil,MG,Minas Gerais,Belo Horizonte,Belo Horizonte - Minas Gerais - Brazil,"(-19.919052, -43.9386685)"
2014-05-09,Brazil,GO,Goiás,Goiânia,Goiânia - Goiás - Brazil,"(-16.6868912, -49.2647943)"
2014-05-08,Brazil,RS,Rio Grande do Sul,Porto Alegre,Porto Alegre - Rio Grande do Sul - Brazil,"(-30.0368176, -51.2089887)"
2014-05-06,Brazil,MA,Maranhão,São Luís,São Luís - Maranhão - Brazil,"(-2.5306721, -44.2988947)"
2014-05-06,Brazil,ES,Espírito Santo,Cariacica,Cariacica - Espírito Santo - Brazil,"(-20.2643105, -40.42030219999999)"
2014-04-29,Brazil,RJ,Rio de Janeiro,Rio de Janeiro,Rio de Janeiro - Rio de Janeiro - Brazil,"(-22.9068467, -43.1728965)"
2014-04-29,Brazil,SP,São Paulo,Ribeirão Preto,Ribeirão Preto - São Paulo - Brazil,"(-21.1694018, -47.8110855)"
2014-04-26,Brazil,SP,São Paulo,São José do Rio Preto,São José do Rio Preto - São Paulo - Brazil,"(-20.8127115, -49.376521)"
2014-04-26,Brazil,SP,São Paulo,São José do Rio Preto,São José do Rio Preto - São Paulo - Brazil,"(-20.8127115, -49.376521)"
2014-04-26,Brazil,SP,São Paulo,São José do Rio Preto,São José do Rio Preto - São Paulo - Brazil,"(-20.8127115, -49.376521)"
2014-04-25,Brazil,SP,São Paulo,São Paulo,São Paulo - São Paulo - Brazil,"(-23.5557714, -46.6395571)"
2014-04-19,Brazil,SP,São Paulo,Santo André,Santo André - São Paulo - Brazil,"(-23.6788863, -46.536706)"
2014-04-19,Brazil,MG,Minas Gerais,Contagem,Contagem - Minas Gerais - Brazil,"(-19.9384589, -44.0518344)"
2014-04-17,Brazil,RN,Rio Grande do Norte,Mossoró,Mossoró - Rio Grande do Norte - Brazil,"(-5.1919109, -37.3423886)"
2014-04-10,Brazil,MG,Minas Gerais,Betim,Betim - Minas Gerais - Brazil,"(-19.9697308, -44.2032108)"
2014-03-28,Brazil,ES,Espírito Santo,Serra,Serra - Espírito Santo - Brazil,"(-20.1279874, -40.3081052)"
2014-03-08,Brazil,SP,São Paulo,São Paulo,São Paulo - São Paulo - Brazil,"(-23.5557714, -46.6395571)"
2014-03-07,Brazil,RJ,Rio de Janeiro,Rio de Janeiro,Rio de Janeiro - Rio de Janeiro - Brazil,"(-22.9068467, -43.1728965)"
2013-12-18,Brazil,SP,São Paulo,São Paulo,São Paulo - São Paulo - Brazil,"(-23.5557714, -46.6395571)"
2013-12-10,Brazil,PR,Paraná,Curitiba,Curitiba - Paraná - Brazil,"(-25.4372382, -49.2699727)"
2013-12-06,Brazil,SP,São Paulo,Sorocaba,Sorocaba - São Paulo - Brazil,"(-23.470905, -47.4851488)"
2013-12-05,Brazil,RJ,Rio de Janeiro,Rio de Janeiro,Rio de Janeiro - Rio de Janeiro - Brazil,"(-22.9068467, -43.1728965)"
2013-12-04,Brazil,SP,São Paulo,Ribeirão Preto,Ribeirão Preto - São Paulo - Brazil,"(-21.1694018, -47.8110855)"
2013-11-30,Brazil,SP,São Paulo,Pindamonhangaba,Pindamonhangaba - São Paulo - Brazil,"(-22.9263928, -45.4620404)"
2013-11-28,Brazil,RJ,Rio de Janeiro,Rio de Janeiro,Rio de Janeiro - Rio de Janeiro - Brazil,"(-22.9068467, -43.1728965)"
2013-11-28,Brazil,SP,São Paulo,São Bernardo do Campo,São Bernardo do Campo - São Paulo - Brazil,"(-23.7018047, -46.5536333)"
2013-11-27,Brazil,RN,Rio Grande do Norte,Natal,Natal - Rio Grande do Norte - Brazil,"(-5.7841695, -35.1999708)"
2013-11-26,Brazil,CE,Ceará,Fortaleza,Fortaleza - Ceará - Brazil,"(-3.7327203, -38.5270134)"
2013-11-26,Brazil,MG,Minas Gerais,Contagem,Contagem - Minas Gerais - Brazil,"(-19.9384589, -44.0518344)"
2013-11-26,Brazil,AL,Alagoas,Maceió,Maceió - Alagoas - Brazil,"(-9.6660417, -35.7352167)"
2013-11-26,Brazil,MG,Minas Gerais,Contagem,Contagem - Minas Gerais - Brazil,"(-19.9384589, -44.0518344)"
2013-11-25,Brazil,RS,Rio Grande do Sul,Porto Alegre,Porto Alegre - Rio Grande do Sul - Brazil,"(-30.0368176, -51.2089887)"
2013-11-22,Brazil,RS,Rio Grande do Sul,Gravataí,Gravataí - Rio Grande do Sul - Brazil,"(-29.93988689999999, -50.99475289999999)"
2013-11-21,Brazil,SP,São Paulo,Sorocaba,Sorocaba - São Paulo - Brazil,"(-23.470905, -47.4851488)"
2013-11-16,Brazil,DF,Distrito Federal,Brasília,Brasília - Distrito Federal - Brazil,"(-15.7975154, -47.89188739999999)"
2013-11-14,Brazil,SP,São Paulo,Sorocaba,Sorocaba - São Paulo - Brazil,"(-23.470905, -47.4851488)"
2013-11-14,Brazil,SP,São Paulo,São Bernardo do Campo,São Bernardo do Campo - São Paulo - Brazil,"(-23.7018047, -46.5536333)"
2013-11-12,Brazil,CE,Ceará,Fortaleza,Fortaleza - Ceará - Brazil,"(-3.7327203, -38.5270134)"
2013-11-07,Brazil,AL,Alagoas,Maceió,Maceió - Alagoas - Brazil,"(-9.6660417, -35.7352167)"
2013-10-31,Brazil,MA,Maranhão,São Luís,São Luís - Maranhão - Brazil,"(-2.5306721, -44.2988947)"
2013-10-31,Brazil,SP,São Paulo,São Paulo,São Paulo - São Paulo - Brazil,"(-23.5557714, -46.6395571)"
2013-10-30,Brazil,GO,Goiás,Goiânia,Goiânia - Goiás - Brazil,"(-16.6868912, -49.2647943)"
2013-10-22,Brazil,SP,São Paulo,São Bernardo do Campo,São Bernardo do Campo - São Paulo - Brazil,"(-23.7018047, -46.5536333)"
2013-10-17,Brazil,SP,São Paulo,São José dos Campos,São José dos Campos - São Paulo - Brazil,"(-23.2198396, -45.8915658)"
2013-10-03,Brazil,RS,Rio Grande do Sul,Pelotas,Pelotas - Rio Grande do Sul - Brazil,"(-31.7699685, -52.3312971)"
2013-09-27,Brazil,SP,São Paulo,Sorocaba,Sorocaba - São Paulo - Brazil,"(-23.470905, -47.4851488)"
2013-09-25,Brazil,MG,Minas Gerais,Belo Horizonte,Belo Horizonte - Minas Gerais - Brazil,"(-19.919052, -43.9386685)"
2013-09-13,Brazil,RS,Rio Grande do Sul,Porto Alegre,Porto Alegre - Rio Grande do Sul - Brazil,"(-30.0368176, -51.2089887)"
2013-09-12,Brazil,RS,Rio Grande do Sul,Porto Alegre,Porto Alegre - Rio Grande do Sul - Brazil,"(-30.0368176, -51.2089887)"
2013-09-05,Brazil,SP,São Paulo,São Paulo,São Paulo - São Paulo - Brazil,"(-23.5557714, -46.6395571)"
2013-08-29,Brazil,SP,São Paulo,São Paulo,São Paulo - São Paulo - Brazil,"(-23.5557714, -46.6395571)"
2013-08-22,Brazil,SP,São Paulo,São Paulo,São Paulo - São Paulo - Brazil,"(-23.5557714, -46.6395571)"
2013-08-15,Brazil,MS,Mato Grosso do Sul,Campo Grande,Campo Grande - Mato Grosso do Sul - Brazil,"(-20.4648517, -54.6218477)"
2013-08-15,Brazil,SP,São Paulo,Barueri,Barueri - São Paulo - Brazil,"(-23.5035038, -46.8785555)"
2013-08-08,Brazil,AM,Amazonas,Manaus,Manaus - Amazonas - Brazil,"(-3.1190275, -60.0217314)"
2013-08-08,Brazil,SP,São Paulo,Campinas,Campinas - São Paulo - Brazil,"(-22.9050824, -47.0613327)"
2013-08-01,Brazil,DF,Distrito Federal,Brasília,Brasília - Distrito Federal - Brazil,"(-15.7975154, -47.89188739999999)"
2013-07-31,Brazil,SP,São Paulo,São Paulo,São Paulo - São Paulo - Brazil,"(-23.5557714, -46.6395571)"
2013-07-30,Brazil,AP,Amapá,Macapá,Macapá - Amapá - Brazil,"(0.04052170000000001, -51.0560957)"
2013-07-23,Brazil,MG,Minas Gerais,Betim,Betim - Minas Gerais - Brazil,"(-19.9697308, -44.2032108)"
2013-06-06,Brazil,SP,São Paulo,Presidente Prudente,Presidente Prudente - São Paulo - Brazil,"(-22.1205939, -51.3874076)"
2013-06-06,Brazil,PI,Piauí,Teresina,Teresina - Piauí - Brazil,"(-5.0810984, -42.774291)"
2013-05-07,Brazil,PA,Pará,Marabá,Marabá - Pará - Brazil,"(-5.3671244, -49.1230973)"
2013-05-03,Brazil,PR,Paraná,Londrina,Londrina - Paraná - Brazil,"(-23.3197305, -51.1662008)"
2013-05-03,Brazil,MG,Minas Gerais,Pouso Alegre,Pouso Alegre - Minas Gerais - Brazil,"(-22.2270778, -45.93937160000001)"
2013-04-18,Brazil,SP,São Paulo,São Paulo,São Paulo - São Paulo - Brazil,"(-23.5557714, -46.6395571)"
2013-03-19,Brazil,RS,Rio Grande do Sul,Porto Alegre,Porto Alegre - Rio Grande do Sul - Brazil,"(-30.0368176, -51.2089887)"
2013-01-10,Brazil,SP,São Paulo,Santos,Santos - São Paulo - Brazil,"(-23.9592201, -46.3317787)"
2012-12-15,Brazil,SP,São Paulo,Bauru,Bauru - São Paulo - Brazil,"(-22.3155297, -49.0708221)"
2012-12-13,Brazil,SP,São Paulo,Mauá,Mauá - São Paulo - Brazil,"(-23.666558, -46.4599145)"
2012-12-06,Brazil,ES,Espírito Santo,Vitória,Vitória - Espírito Santo - Brazil,"(-20.3196644, -40.3384748)"
2012-11-29,Brazil,MT,Mato Grosso,Cuiabá,Cuiabá - Mato Grosso - Brazil,"(-15.5954142, -56.0925824)"
2012-11-29,Brazil,RJ,Rio de Janeiro,Rio de Janeiro,Rio de Janeiro - Rio de Janeiro - Brazil,"(-22.9068467, -43.1728965)"
2012-11-28,Brazil,RJ,Rio de Janeiro,Rio de Janeiro,Rio de Janeiro - Rio de Janeiro - Brazil,"(-22.9068467, -43.1728965)"
2012-11-28,Brazil,SP,São Paulo,Campinas,Campinas - São Paulo - Brazil,"(-22.9050824, -47.0613327)"
2012-11-14,Brazil,PR,Paraná,Curitiba,Curitiba - Paraná - Brazil,"(-25.4372382, -49.2699727)"
2012-11-14,Brazil,GO,Goiás,Goiânia,Goiânia - Goiás - Brazil,"(-16.6868912, -49.2647943)"
2012-11-13,Brazil,SP,São Paulo,São Bernardo do Campo,São Bernardo do Campo - São Paulo - Brazil,"(-23.7018047, -46.5536333)"
2012-10-31,Brazil,SP,São Paulo,São José dos Campos,São José dos Campos - São Paulo - Brazil,"(-23.2198396, -45.8915658)"
2012-10-30,Brazil,RJ,Rio de Janeiro,Rio de Janeiro,Rio de Janeiro - Rio de Janeiro - Brazil,"(-22.9068467, -43.1728965)"
2012-10-30,Brazil,PE,Pernambuco,Recife,Recife - Pernambuco - Brazil,"(-8.0577401, -34.8829629)"
2012-10-27,Brazil,SC,Santa Catarina,São José,São José - Santa Catarina - Brazil,"(-27.5950396, -48.61376809999999)"
2012-10-25,Brazil,SP,São Paulo,Santo André,Santo André - São Paulo - Brazil,"(-23.6788863, -46.536706)"
2012-10-23,Brazil,MG,Minas Gerais,Uberlândia,Uberlândia - Minas Gerais - Brazil,"(-18.9127749, -48.2755227)"
2012-10-18,Brazil,SP,São Paulo,Jundiaí,Jundiaí - São Paulo - Brazil,"(-23.1856528, -46.8892222)"
2012-10-18,Brazil,SP,São Paulo,Osasco,Osasco - São Paulo - Brazil,"(-23.533385, -46.7914568)"
2012-10-18,Brazil,SP,São Paulo,Jundiaí,Jundiaí - São Paulo - Brazil,"(-23.1856528, -46.8892222)"
2012-10-09,Brazil,PE,Pernambuco,Caruaru,Caruaru - Pernambuco - Brazil,"(-8.2932173, -35.9835018)"
2012-08-17,Brazil,SP,São Paulo,Ribeirão Preto,Ribeirão Preto - São Paulo - Brazil,"(-21.1694018, -47.8110855)"
2012-08-03,Brazil,SC,Santa Catarina,Blumenau,Blumenau - Santa Catarina - Brazil,"(-26.9165792, -49.0717331)"
2012-08-03,Brazil,SP,São Paulo,Ribeirão Preto,Ribeirão Preto - São Paulo - Brazil,"(-21.1694018, -47.8110855)"
2012-07-13,Brazil,BA,Bahia,Salvador,Salvador - Bahia - Brazil,"(-12.9777334, -38.501648)"
2012-06-20,Brazil,RJ,Rio de Janeiro,Rio de Janeiro,Rio de Janeiro - Rio de Janeiro - Brazil,"(-22.9068467, -43.1728965)"
2012-06-04,Brazil,SP,São Paulo,São José dos Campos,São José dos Campos - São Paulo - Brazil,"(-23.2198396, -45.8915658)"
2012-05-31,Brazil,SC,Santa Catarina,São José,São José - Santa Catarina - Brazil,"(-27.5950396, -48.61376809999999)"
2012-05-30,Brazil,PA,Pará,Belém,Belém - Pará - Brazil,"(-1.4563432, -48.501299)"
2012-05-23,Brazil,MG,Minas Gerais,Belo Horizonte,Belo Horizonte - Minas Gerais - Brazil,"(-19.919052, -43.9386685)"
2012-04-26,Brazil,RS,Rio Grande do Sul,Porto Alegre,Porto Alegre - Rio Grande do Sul - Brazil,"(-30.0368176, -51.2089887)"
2012-04-26,Brazil,RS,Rio Grande do Sul,Porto Alegre,Porto Alegre - Rio Grande do Sul - Brazil,"(-30.0368176, -51.2089887)"
2012-03-28,Brazil,MG,Minas Gerais,Uberlândia,Uberlândia - Minas Gerais - Brazil,"(-18.9127749, -48.2755227)"
2012-03-26,Brazil,RS,Rio Grande do Sul,Porto Alegre,Porto Alegre - Rio Grande do Sul - Brazil,"(-30.0368176, -51.2089887)"
2012-02-23,Brazil,RS,Rio Grande do Sul,Novo Hamburgo,Novo Hamburgo - Rio Grande do Sul - Brazil,"(-29.683463, -51.1337471)"
2011-12-20,Brazil,ES,Espírito Santo,Vitória,Vitória - Espírito Santo - Brazil,"(-20.3196644, -40.3384748)"
2011-12-20,Brazil,SP,São Paulo,Limeira,Limeira - São Paulo - Brazil,"(-22.5838179, -47.4097569)"
2011-12-20,Brazil,MA,Maranhão,São Luís,São Luís - Maranhão - Brazil,"(-2.5306721, -44.2988947)"
2011-12-16,Brazil,PR,Paraná,Foz do Iguaçu,Foz do Iguaçu - Paraná - Brazil,"(-25.5163356, -54.58537639999999)"
2011-12-15,Brazil,SP,São Paulo,Jacareí,Jacareí - São Paulo - Brazil,"(-23.3029181, -45.9674523)"
2011-12-14,Brazil,SP,São Paulo,Diadema,Diadema - São Paulo - Brazil,"(-23.6879922, -46.6251796)"
2011-12-13,Brazil,ES,Espírito Santo,Serra,Serra - Espírito Santo - Brazil,"(-20.1279874, -40.3081052)"
2011-12-13,Brazil,BA,Bahia,Vitória da Conquista,Vitória da Conquista - Bahia - Brazil,"(-14.8619237, -40.8445346)"
2011-12-07,Brazil,MG,Minas Gerais,Montes Claros,Montes Claros - Minas Gerais - Brazil,"(-16.7291552, -43.8670745)"
2011-12-06,Brazil,PE,Pernambuco,Recife,Recife - Pernambuco - Brazil,"(-8.0577401, -34.8829629)"
2011-12-01,Brazil,PR,Paraná,Ponta Grossa,Ponta Grossa - Paraná - Brazil,"(-25.0993943, -50.15829979999999)"
2011-11-30,Brazil,SP,São Paulo,Barueri,Barueri - São Paulo - Brazil,"(-23.5035038, -46.8785555)"
2011-11-29,Brazil,SP,São Paulo,São Paulo,São Paulo - São Paulo - Brazil,"(-23.5557714, -46.6395571)"
2011-11-10,Brazil,SP,São Paulo,São Caetano do Sul,São Caetano do Sul - São Paulo - Brazil,"(-23.6164434, -46.567958)"
2011-11-09,Brazil,SP,São Paulo,São Caetano do Sul,São Caetano do Sul - São Paulo - Brazil,"(-23.6164434, -46.567958)"
2011-11-09,Brazil,SP,São Paulo,São Paulo,São Paulo - São Paulo - Brazil,"(-23.5557714, -46.6395571)"
2011-11-08,Brazil,AC,Acre,Rio Branco,Rio Branco - Acre - Brazil,"(-9.9740249, -67.8098191)"
2011-11-04,Brazil,SP,São Paulo,Marília,Marília - São Paulo - Brazil,"(-22.2180531, -49.9458418)"
2011-10-19,Brazil,RS,Rio Grande do Sul,Erechim,Erechim - Rio Grande do Sul - Brazil,"(-27.6347491, -52.2747035)"
2011-10-13,Brazil,RN,Rio Grande do Norte,Natal,Natal - Rio Grande do Norte - Brazil,"(-5.7841695, -35.1999708)"
2011-10-05,Brazil,SC,Santa Catarina,Chapecó,Chapecó - Santa Catarina - Brazil,"(-27.1048145, -52.6143383)"
2011-10-04,Brazil,MG,Minas Gerais,Uberaba,Uberaba - Minas Gerais - Brazil,"(-19.7460372, -47.9339936)"
2011-09-16,Brazil,BA,Bahia,Feira de Santana,Feira de Santana - Bahia - Brazil,"(-12.2535848, -38.9600762)"
2011-06-29,Brazil,SP,São Paulo,Ribeirão Preto,Ribeirão Preto - São Paulo - Brazil,"(-21.1694018, -47.8110855)"
2011-06-17,Brazil,RJ,Rio de Janeiro,Resende,Resende - Rio de Janeiro - Brazil,"(-22.4680711, -44.4479203)"
2011-06-16,Brazil,DF,Distrito Federal,Brasília,Brasília - Distrito Federal - Brazil,"(-15.7975154, -47.89188739999999)"
2011-05-31,Brazil,RJ,Rio de Janeiro,Campos dos Goytacazes,Campos dos Goytacazes - Rio de Janeiro - Brazil,"(-21.7614561, -41.3167841)"
2011-05-31,Brazil,SE,Sergipe,Aracaju,Aracaju - Sergipe - Brazil,"(-10.9266526, -37.0729014)"
2011-05-28,Brazil,SC,Santa Catarina,Blumenau,Blumenau - Santa Catarina - Brazil,"(-26.9165792, -49.0717331)"
2011-05-25,Brazil,MS,Mato Grosso do Sul,Campo Grande,Campo Grande - Mato Grosso do Sul - Brazil,"(-20.4648517, -54.6218477)"
2011-04-28,Brazil,SP,São Paulo,Barueri,Barueri - São Paulo - Brazil,"(-23.5035038, -46.8785555)"
2011-04-28,Brazil,SP,São Paulo,Indaiatuba,Indaiatuba - São Paulo - Brazil,"(-23.0881389, -47.2080171)"
2011-04-28,Brazil,SP,São Paulo,Barueri,Barueri - São Paulo - Brazil,"(-23.5035038, -46.8785555)"
2010-12-15,Brazil,SP,São Paulo,Franca,Franca - São Paulo - Brazil,"(-20.5394551, -47.4010979)"
2010-12-09,Brazil,RS,Rio Grande do Sul,Santa Maria,Santa Maria - Rio Grande do Sul - Brazil,"(-29.68949839999999, -53.7923441)"
2010-12-09,Brazil,RJ,Rio de Janeiro,São Gonçalo,São Gonçalo - Rio de Janeiro - Brazil,"(-22.8233781, -43.0462495)"
2010-12-03,Brazil,BA,Bahia,Salvador,Salvador - Bahia - Brazil,"(-12.9777334, -38.501648)"
2010-11-24,Brazil,SP,São Paulo,Cotia,Cotia - São Paulo - Brazil,"(-23.6059252, -46.926502)"
2010-11-09,Brazil,RS,Rio Grande do Sul,Caxias do Sul,Caxias do Sul - Rio Grande do Sul - Brazil,"(-29.1740137, -51.1812032)"
2010-11-09,Brazil,BA,Bahia,Salvador,Salvador - Bahia - Brazil,"(-12.9777334, -38.501648)"
2010-11-05,Brazil,MG,Minas Gerais,Belo Horizonte,Belo Horizonte - Minas Gerais - Brazil,"(-19.919052, -43.9386685)"
2010-10-26,Brazil,MG,Minas Gerais,Belo Horizonte,Belo Horizonte - Minas Gerais - Brazil,"(-19.919052, -43.9386685)"
2010-08-17,Brazil,TO,Tocantins,Palmas,Palmas - Tocantins - Brazil,"(-10.249091, -48.32428580000001)"
2010-06-30,Brazil,SP,São Paulo,São Paulo,São Paulo - São Paulo - Brazil,"(-23.5557714, -46.6395571)"
2010-06-01,Brazil,RJ,Rio de Janeiro,Rio de Janeiro,Rio de Janeiro - Rio de Janeiro - Brazil,"(-22.9068467, -43.1728965)"
2010-05-05,Brazil,SP,São Paulo,São Paulo,São Paulo - São Paulo - Brazil,"(-23.5557714, -46.6395571)"
2010-04-24,Brazil,SC,Santa Catarina,Joinville,Joinville - Santa Catarina - Brazil,"(-26.3043758, -48.84637439999999)"
2010-03-31,Brazil,AL,Alagoas,Maceió,Maceió - Alagoas - Brazil,"(-9.6660417, -35.7352167)"
2009-11-26,Brazil,RS,Rio Grande do Sul,Porto Alegre,Porto Alegre - Rio Grande do Sul - Brazil,"(-30.0368176, -51.2089887)"
2009-11-25,Brazil,SP,São Paulo,São Paulo,São Paulo - São Paulo - Brazil,"(-23.5557714, -46.6395571)"
2009-11-17,Brazil,PA,Pará,Belém,Belém - Pará - Brazil,"(-1.4563432, -48.501299)"
2009-10-28,Brazil,DF,Distrito Federal,Brasília,Brasília - Distrito Federal - Brazil,"(-15.7975154, -47.89188739999999)"
2009-10-17,Brazil,GO,Goiás,Goiânia,Goiânia - Goiás - Brazil,"(-16.6868912, -49.2647943)"
2009-10-08,Brazil,SP,São Paulo,Osasco,Osasco - São Paulo - Brazil,"(-23.533385, -46.7914568)"
2009-10-01,Brazil,SP,São Paulo,Suzano,Suzano - São Paulo - Brazil,"(-23.5376111, -46.3092622)"
2009-09-17,Brazil,RS,Rio Grande do Sul,Passo Fundo,Passo Fundo - Rio Grande do Sul - Brazil,"(-28.2622601, -52.41027949999999)"
2009-06-25,Brazil,DF,Distrito Federal,Brasília,Brasília - Distrito Federal - Brazil,"(-15.7975154, -47.89188739999999)"
2009-06-06,Brazil,RJ,Rio de Janeiro,Rio de Janeiro,Rio de Janeiro - Rio de Janeiro - Brazil,"(-22.9068467, -43.1728965)"
2009-04-30,Brazil,SP,São Paulo,Bauru,Bauru - São Paulo - Brazil,"(-22.3155297, -49.0708221)"
2009-04-30,Brazil,GO,Goiás,Goiânia,Goiânia - Goiás - Brazil,"(-16.6868912, -49.2647943)"
2009-04-25,Brazil,RN,Rio Grande do Norte,Natal,Natal - Rio Grande do Norte - Brazil,"(-5.7841695, -35.1999708)"
2009-04-07,Brazil,AM,Amazonas,Manaus,Manaus - Amazonas - Brazil,"(-3.1190275, -60.0217314)"
2008-11-25,Brazil,ES,Espírito Santo,Vila Velha,Vila Velha - Espírito Santo - Brazil,"(-20.3518079, -40.3079697)"
2008-11-20,Brazil,GO,Goiás,Anápolis,Anápolis - Goiás - Brazil,"(-16.3286545, -48.9534253)"
2008-11-18,Brazil,RS,Rio Grande do Sul,Porto Alegre,Porto Alegre - Rio Grande do Sul - Brazil,"(-30.0368176, -51.2089887)"
2008-11-18,Brazil,RS,Rio Grande do Sul,Porto Alegre,Porto Alegre - Rio Grande do Sul - Brazil,"(-30.0368176, -51.2089887)"
2008-11-12,Brazil,PR,Paraná,Londrina,Londrina - Paraná - Brazil,"(-23.3197305, -51.1662008)"
2008-11-11,Brazil,RJ,Rio de Janeiro,Duque de Caxias,Duque de Caxias - Rio de Janeiro - Brazil,"(-22.7868557, -43.3130887)"
2008-10-30,Brazil,RO,Rondônia,Porto Velho,Porto Velho - Rondônia - Brazil,"(-8.7635576, -63.89717040000001)"
2008-10-29,Brazil,SP,São Paulo,Campinas,Campinas - São Paulo - Brazil,"(-22.9050824, -47.0613327)"
2008-10-09,Brazil,GO,Goiás,Aparecida de Goiânia,Aparecida de Goiânia - Goiás - Brazil,"(-16.8226787, -49.2473476)"
2008-09-26,Brazil,PR,Paraná,São José dos Pinhais,São José dos Pinhais - Paraná - Brazil,"(-25.5345818, -49.2032653)"
2008-08-27,Brazil,SP,São Paulo,Taubaté,Taubaté - São Paulo - Brazil,"(-23.024996, -45.5638792)"
2008-05-09,Brazil,PR,Paraná,Curitiba,Curitiba - Paraná - Brazil,"(-25.4372382, -49.2699727)"
2008-05-06,Brazil,RJ,Rio de Janeiro,São João de Meriti,São João de Meriti - Rio de Janeiro - Brazil,"(-22.7908138, -43.3699344)"
2008-04-24,Brazil,PR,Paraná,Maringá,Maringá - Paraná - Brazil,"(-23.4209995, -51.9330558)"
2008-04-23,Brazil,SP,São Paulo,Taboão da Serra,Taboão da Serra - São Paulo - Brazil,"(-23.6237092, -46.7795774)"
2008-04-22,Brazil,MG,Minas Gerais,Juiz de Fora,Juiz de Fora - Minas Gerais - Brazil,"(-21.7623932, -43.3434669)"
2008-03-28,Brazil,SP,São Paulo,São Paulo,São Paulo - São Paulo - Brazil,"(-23.5557714, -46.6395571)"
2007-12-15,Brazil,SP,São Paulo,São Paulo,São Paulo - São Paulo - Brazil,"(-23.5557714, -46.6395571)"
2007-12-12,Brazil,PB,Paraíba,João Pessoa,João Pessoa - Paraíba - Brazil,"(-7.118835199999999, -34.8814339)"
2007-12-12,Brazil,RS,Rio Grande do Sul,Caxias do Sul,Caxias do Sul - Rio Grande do Sul - Brazil,"(-29.1740137, -51.1812032)"
2007-11-30,Brazil,BA,Bahia,Salvador,Salvador - Bahia - Brazil,"(-12.9777334, -38.501648)"
2007-11-28,Brazil,PR,Paraná,Cascavel,Cascavel - Paraná - Brazil,"(-24.9541715, -53.480283)"
2007-10-27,Brazil,SC,Santa Catarina,Balneário Camboriú,Balneário Camboriú - Santa Catarina - Brazil,"(-26.9979839, -48.63258)"
2007-10-25,Brazil,SP,São Paulo,São Paulo,São Paulo - São Paulo - Brazil,"(-23.5557714, -46.6395571)"
2007-10-23,Brazil,DF,Distrito Federal,Brasília,Brasília - Distrito Federal - Brazil,"(-15.7975154, -47.89188739999999)"
2007-09-27,Brazil,MG,Minas Gerais,Belo Horizonte,Belo Horizonte - Minas Gerais - Brazil,"(-19.919052, -43.9386685)"
2007-07-07,Brazil,RS,Rio Grande do Sul,Porto Alegre,Porto Alegre - Rio Grande do Sul - Brazil,"(-30.0368176, -51.2089887)"
2007-05-22,Brazil,BA,Bahia,Salvador,Salvador - Bahia - Brazil,"(-12.9777334, -38.501648)"
2007-05-10,Brazil,SE,Sergipe,Aracaju,Aracaju - Sergipe - Brazil,"(-10.9266526, -37.0729014)"
2007-05-03,Brazil,AM,Amazonas,Manaus,Manaus - Amazonas - Brazil,"(-3.1190275, -60.0217314)"
2007-04-27,Brazil,RJ,Rio de Janeiro,Rio de Janeiro,Rio de Janeiro - Rio de Janeiro - Brazil,"(-22.9068467, -43.1728965)"
2007-04-24,Brazil,SP,São Paulo,Piracicaba,Piracicaba - São Paulo - Brazil,"(-22.7342864, -47.6480644)"
2007-04-17,Brazil,SC,Santa Catarina,Florianópolis,Florianópolis - Santa Catarina - Brazil,"(-27.5948036, -48.5569286)"
2006-12-18,Brazil,RJ,Rio de Janeiro,Rio de Janeiro,Rio de Janeiro - Rio de Janeiro - Brazil,"(-22.9068467, -43.1728965)"
2006-12-07,Brazil,GO,Goiás,Goiânia,Goiânia - Goiás - Brazil,"(-16.6868912, -49.2647943)"
2006-12-06,Brazil,RJ,Rio de Janeiro,Rio de Janeiro,Rio de Janeiro - Rio de Janeiro - Brazil,"(-22.9068467, -43.1728965)"
2006-12-05,Brazil,SP,São Paulo,São Paulo,São Paulo - São Paulo - Brazil,"(-23.5557714, -46.6395571)"
2006-11-24,Brazil,BA,Bahia,Salvador,Salvador - Bahia - Brazil,"(-12.9777334, -38.501648)"
2006-11-09,Brazil,RJ,Rio de Janeiro,Rio de Janeiro,Rio de Janeiro - Rio de Janeiro - Brazil,"(-22.9068467, -43.1728965)"
2006-10-26,Brazil,SC,Santa Catarina,Tubarão,Tubarão - Santa Catarina - Brazil,"(-28.48189, -49.0058806)"
2006-09-28,Brazil,PE,Pernambuco,Recife,Recife - Pernambuco - Brazil,"(-8.0577401, -34.8829629)"
2006-09-26,Brazil,SP,São Paulo,São Paulo,São Paulo - São Paulo - Brazil,"(-23.5557714, -46.6395571)"
2006-09-14,Brazil,RS,Rio Grande do Sul,Cachoeirinha,Cachoeirinha - Rio Grande do Sul - Brazil,"(-29.9457416, -51.0989724)"
2006-05-29,Brazil,CE,Ceará,Fortaleza,Fortaleza - Ceará - Brazil,"(-3.7327203, -38.5270134)"
2006-05-12,Brazil,SP,São Paulo,Jundiaí,Jundiaí - São Paulo - Brazil,"(-23.1856528, -46.8892222)"
2006-05-09,Brazil,CE,Ceará,Fortaleza,Fortaleza - Ceará - Brazil,"(-3.7327203, -38.5270134)"
2006-05-05,Brazil,PR,Paraná,Curitiba,Curitiba - Paraná - Brazil,"(-25.4372382, -49.2699727)"
2006-04-13,Brazil,RS,Rio Grande do Sul,Porto Alegre,Porto Alegre - Rio Grande do Sul - Brazil,"(-30.0368176, -51.2089887)"
2006-03-29,Brazil,PE,Pernambuco,Recife,Recife - Pernambuco - Brazil,"(-8.0577401, -34.8829629)"
2006-03-29,Brazil,PE,Pernambuco,Jaboatão dos Guararapes,Jaboatão dos Guararapes - Pernambuco - Brazil,"(-8.1688125, -34.920874)"
2006-03-25,Brazil,PR,Paraná,Curitiba,Curitiba - Paraná - Brazil,"(-25.4372382, -49.2699727)"
2005-11-03,Brazil,RS,Rio Grande do Sul,São Leopoldo,São Leopoldo - Rio Grande do Sul - Brazil,"(-29.76074169999999, -51.1480174)"
2005-10-27,Brazil,SP,São Paulo,Osasco,Osasco - São Paulo - Brazil,"(-23.533385, -46.7914568)"
2005-04-28,Brazil,PR,Paraná,Londrina,Londrina - Paraná - Brazil,"(-23.3197305, -51.1662008)"
2005-04-20,Brazil,MS,Mato Grosso do Sul,Campo Grande,Campo Grande - Mato Grosso do Sul - Brazil,"(-20.4648517, -54.6218477)"
2005-04-09,Brazil,SP,São Paulo,São Paulo,São Paulo - São Paulo - Brazil,"(-23.5557714, -46.6395571)"
2004-11-30,Brazil,MT,Mato Grosso,Cuiabá,Cuiabá - Mato Grosso - Brazil,"(-15.5954142, -56.0925824)"
2004-11-20,Brazil,RJ,Rio de Janeiro,Rio de Janeiro,Rio de Janeiro - Rio de Janeiro - Brazil,"(-22.9068467, -43.1728965)"
2004-10-16,Brazil,SP,São Paulo,São Paulo,São Paulo - São Paulo - Brazil,"(-23.5557714, -46.6395571)"
2004-09-02,Brazil,SP,São Paulo,Campinas,Campinas - São Paulo - Brazil,"(-22.9050824, -47.0613327)"
2004-06-03,Brazil,MG,Minas Gerais,Belo Horizonte,Belo Horizonte - Minas Gerais - Brazil,"(-19.919052, -43.9386685)"
2004-03-18,Brazil,MG,Minas Gerais,Contagem,Contagem - Minas Gerais - Brazil,"(-19.9384589, -44.0518344)"
2003-11-13,Brazil,PR,Paraná,Curitiba,Curitiba - Paraná - Brazil,"(-25.4372382, -49.2699727)"
2003-11-13,Brazil,PR,Paraná,Curitiba,Curitiba - Paraná - Brazil,"(-25.4372382, -49.2699727)"
2003-11-06,Brazil,RJ,Rio de Janeiro,Rio de Janeiro,Rio de Janeiro - Rio de Janeiro - Brazil,"(-22.9068467, -43.1728965)"
2003-06-28,Brazil,ES,Espírito Santo,Vitória,Vitória - Espírito Santo - Brazil,"(-20.3196644, -40.3384748)"
2003-05-08,Brazil,SP,São Paulo,São Paulo,São Paulo - São Paulo - Brazil,"(-23.5557714, -46.6395571)"
2003-04-12,Brazil,SP,São Paulo,Campinas,Campinas - São Paulo - Brazil,"(-22.9050824, -47.0613327)"
2001-11-30,Brazil,SP,São Paulo,São José do Rio Preto,São José do Rio Preto - São Paulo - Brazil,"(-20.8127115, -49.376521)"
2001-09-27,Brazil,RJ,Rio de Janeiro,Rio de Janeiro,Rio de Janeiro - Rio de Janeiro - Brazil,"(-22.9068467, -43.1728965)"
2001-05-08,Brazil,DF,Distrito Federal,Brasília,Brasília - Distrito Federal - Brazil,"(-15.7975154, -47.89188739999999)"
2001-05-03,Brazil,MG,Minas Gerais,Belo Horizonte,Belo Horizonte - Minas Gerais - Brazil,"(-19.919052, -43.9386685)"
2001-03-29,Brazil,SC,Santa Catarina,São José,São José - Santa Catarina - Brazil,"(-27.5950396, -48.61376809999999)"
2000-11-16,Brazil,DF,Distrito Federal,Brasília,Brasília - Distrito Federal - Brazil,"(-15.7975154, -47.89188739999999)"
2000-10-27,Brazil,MG,Minas Gerais,Uberlândia,Uberlândia - Minas Gerais - Brazil,"(-18.9127749, -48.2755227)"
2000-09-28,Brazil,SP,São Paulo,São Paulo,São Paulo - São Paulo - Brazil,"(-23.5557714, -46.6395571)"
2000-09-14,Brazil,SP,São Paulo,Campinas,Campinas - São Paulo - Brazil,"(-22.9050824, -47.0613327)"
2000-07-12,Brazil,SP,São Paulo,São Paulo,São Paulo - São Paulo - Brazil,"(-23.5557714, -46.6395571)"
2000-05-11,Brazil,SP,São Paulo,São Paulo,São Paulo - São Paulo - Brazil,"(-23.5557714, -46.6395571)"
2000-05-10,Brazil,SP,São Paulo,São Paulo,São Paulo - São Paulo - Brazil,"(-23.5557714, -46.6395571)"
2000-05-04,Brazil,PR,Paraná,Curitiba,Curitiba - Paraná - Brazil,"(-25.4372382, -49.2699727)"
2000-04-28,Brazil,SP,São Paulo,Santos,Santos - São Paulo - Brazil,"(-23.9592201, -46.3317787)"
2000-04-27,Brazil,SP,São Paulo,Santo André,Santo André - São Paulo - Brazil,"(-23.6788863, -46.536706)"
2000-04-25,Brazil,GO,Goiás,Goiânia,Goiânia - Goiás - Brazil,"(-16.6868912, -49.2647943)"
2000-04-18,Brazil,SP,São Paulo,São Paulo,São Paulo - São Paulo - Brazil,"(-23.5557714, -46.6395571)"
2000-04-11,Brazil,SP,São Paulo,Campinas,Campinas - São Paulo - Brazil,"(-22.9050824, -47.0613327)"
2000-04-06,Brazil,SP,São Paulo,São Paulo,São Paulo - São Paulo - Brazil,"(-23.5557714, -46.6395571)"
2000-03-30,Brazil,SP,São Paulo,São Paulo,São Paulo - São Paulo - Brazil,"(-23.5557714, -46.6395571)"
2000-03-16,Brazil,SP,São Paulo,São Paulo,São Paulo - São Paulo - Brazil,"(-23.5557714, -46.6395571)"
2000-03-09,Brazil,SP,São Paulo,São Paulo,São Paulo - São Paulo - Brazil,"(-23.5557714, -46.6395571)"
1999-12-15,Brazil,SP,São Paulo,Santos,Santos - São Paulo - Brazil,"(-23.9592201, -46.3317787)"
1999-12-07,Brazil,RJ,Rio de Janeiro,Volta Redonda,Volta Redonda - Rio de Janeiro - Brazil,"(-22.5077705, -44.0946137)"
1999-12-03,Brazil,DF,Distrito Federal,Brasília,Brasília - Distrito Federal - Brazil,"(-15.7975154, -47.89188739999999)"
1999-11-30,Brazil,RJ,Rio de Janeiro,Niterói,Niterói - Rio de Janeiro - Brazil,"(-22.8807073, -43.1013526)"
1999-11-26,Brazil,RJ,Rio de Janeiro,Rio de Janeiro,Rio de Janeiro - Rio de Janeiro - Brazil,"(-22.9068467, -43.1728965)"
1999-11-25,Brazil,RJ,Rio de Janeiro,Rio de Janeiro,Rio de Janeiro - Rio de Janeiro - Brazil,"(-22.9068467, -43.1728965)"
1999-11-22,Brazil,MG,Minas Gerais,Belo Horizonte,Belo Horizonte - Minas Gerais - Brazil,"(-19.919052, -43.9386685)"
1999-11-10,Brazil,SP,São Paulo,São Paulo,São Paulo - São Paulo - Brazil,"(-23.5557714, -46.6395571)"
1999-11-05,Brazil,RJ,Rio de Janeiro,Rio de Janeiro,Rio de Janeiro - Rio de Janeiro - Brazil,"(-22.9068467, -43.1728965)"
1999-11-04,Brazil,SP,São Paulo,São Paulo,São Paulo - São Paulo - Brazil,"(-23.5557714, -46.6395571)"
1999-10-14,Brazil,SP,São Paulo,São Paulo,São Paulo - São Paulo - Brazil,"(-23.5557714, -46.6395571)"
1999-10-14,Brazil,RJ,Rio de Janeiro,Rio de Janeiro,Rio de Janeiro - Rio de Janeiro - Brazil,"(-22.9068467, -43.1728965)"
1999-09-30,Brazil,SP,São Paulo,São Paulo,São Paulo - São Paulo - Brazil,"(-23.5557714, -46.6395571)"
1999-05-05,Brazil,SP,São Paulo,Ribeirão Preto,Ribeirão Preto - São Paulo - Brazil,"(-21.1694018, -47.8110855)"
1999-04-29,Brazil,SP,São Paulo,São José dos Campos,São José dos Campos - São Paulo - Brazil,"(-23.2198396, -45.8915658)"
1999-03-31,Brazil,SP,São Paulo,Guarulhos,Guarulhos - São Paulo - Brazil,"(-23.4596858, -46.5328559)"
1999-02-19,Brazil,SP,São Paulo,São Paulo,São Paulo - São Paulo - Brazil,"(-23.5557714, -46.6395571)"
1998-11-12,Brazil,SP,São Paulo,Guarulhos,Guarulhos - São Paulo - Brazil,"(-23.4596858, -46.5328559)"
1998-10-20,Brazil,PR,Paraná,Curitiba,Curitiba - Paraná - Brazil,"(-25.4372382, -49.2699727)"
1998-09-24,Brazil,SP,São Paulo,São Paulo,São Paulo - São Paulo - Brazil,"(-23.5557714, -46.6395571)"
1998-05-05,Brazil,SP,São Paulo,Sorocaba,Sorocaba - São Paulo - Brazil,"(-23.470905, -47.4851488)"
1998-04-29,Brazil,RS,Rio Grande do Sul,Canoas,Canoas - Rio Grande do Sul - Brazil,"(-29.9077898, -51.1847036)"
1998-03-19,Brazil,SP,São Paulo,São Paulo,São Paulo - São Paulo - Brazil,"(-23.5557714, -46.6395571)"
1997-05-06,Brazil,SC,Santa Catarina,Blumenau,Blumenau - Santa Catarina - Brazil,"(-26.9165792, -49.0717331)"
1997-04-29,Brazil,SP,São Paulo,São Paulo,São Paulo - São Paulo - Brazil,"(-23.5557714, -46.6395571)"
1997-04-01,Brazil,SP,São Paulo,São Bernardo do Campo,São Bernardo do Campo - São Paulo - Brazil,"(-23.7018047, -46.5536333)"
1996-11-19,Brazil,RS,Rio Grande do Sul,Caxias do Sul,Caxias do Sul - Rio Grande do Sul - Brazil,"(-29.1740137, -51.1812032)"
1996-09-25,Brazil,PR,Paraná,Curitiba,Curitiba - Paraná - Brazil,"(-25.4372382, -49.2699727)"
1996-04-17,Brazil,SP,São Paulo,São Paulo,São Paulo - São Paulo - Brazil,"(-23.5557714, -46.6395571)"
1995-09-29,Brazil,SC,Santa Catarina,Joinville,Joinville - Santa Catarina - Brazil,"(-26.3043758, -48.84637439999999)"
1994-11-17,Brazil,SC,Santa Catarina,Florianópolis,Florianópolis - Santa Catarina - Brazil,"(-27.5948036, -48.5569286)"
1993-05-04,Brazil,RS,Rio Grande do Sul,Porto Alegre,Porto Alegre - Rio Grande do Sul - Brazil,"(-30.0368176, -51.2089887)"
1991-10-23,Brazil,RS,Rio Grande do Sul,Novo Hamburgo,Novo Hamburgo - Rio Grande do Sul - Brazil,"(-29.683463, -51.1337471)"
1987-06-12,Brazil,SP,São Paulo,São Paulo,São Paulo - São Paulo - Brazil,"(-23.5557714, -46.6395571)"
1987-02-17,Brazil,SP,São Paulo,São Paulo,São Paulo - São Paulo - Brazil,"(-23.5557714, -46.6395571)"
1985-09-07,Brazil,RS,Rio Grande do Sul,Rio Grande,Rio Grande - Rio Grande do Sul - Brazil,"(-32.0407893, -52.1016953)"
1983-04-13,Brazil,RS,Rio Grande do Sul,Porto Alegre,Porto Alegre - Rio Grande do Sul - Brazil,"(-30.0368176, -51.2089887)"
1980-09-01,Brazil,RS,Rio Grande do Sul,Santa Maria,Santa Maria - Rio Grande do Sul - Brazil,"(-29.68949839999999, -53.7923441)"
1977-11-01,Brazil,RS,Rio Grande do Sul,Porto Alegre,Porto Alegre - Rio Grande do Sul - Brazil,"(-30.0368176, -51.2089887)"
1976-04-10,Brazil,RS,Rio Grande do Sul,Canoas,Canoas - Rio Grande do Sul - Brazil,"(-29.9077898, -51.1847036)"
1970-12-04,Brazil,RS,Rio Grande do Sul,Porto Alegre,Porto Alegre - Rio Grande do Sul - Brazil,"(-30.0368176, -51.2089887)"
1967-06-01,Brazil,RS,Rio Grande do Sul,Pelotas,Pelotas - Rio Grande do Sul - Brazil,"(-31.7699685, -52.3312971)"
